,alpha,avg_net_reward,epsilon,final_deadline,gamma,net_reward,success
0,0.0,11.1835039683,0.0,1.72,0.5,10.995,0.11
1,0.0,-11.2391865079,0.0,0.34,0.55,-11.305,0.04
2,0.0,6.54754761905,0.0,10.58,0.6,7.07,0.65
3,0.0,-15.7941071429,0.0,0.64,0.65,-15.645,0.02
4,0.0,-12.731515873,0.0,0.83,0.7,-12.185,0.07
5,0.0,15.5257837302,0.0,1.99,0.75,15.49,0.13
6,0.0,-4.24850793651,0.0,1.74,0.8,-4.18,0.12
7,0.0,7.66200595238,0.0,4.4,0.85,7.32,0.34
8,0.0,-2.63195039683,0.0,1.1,0.9,-2.645,0.03
9,0.0,-4.28955753968,0.0,0.45,0.95,-4.32,0.02
10,0.0,19.668968254,0.0,11.05,1.0,19.645,0.9
11,0.05,21.9826428571,0.0,11.3,0.5,22.825,0.71
12,0.05,17.5386150794,0.0,8.28,0.55,18.315,0.63
13,0.05,19.2422063492,0.0,12.34,0.6,19.79,0.88
14,0.05,11.7328035714,0.0,2.35,0.65,11.955,0.23
15,0.05,17.7041746032,0.0,9.25,0.7,18.65,0.76
16,0.05,18.62575,0.0,7.3,0.75,18.865,0.58
17,0.05,7.5631031746,0.0,2.7,0.8,8.24,0.19
18,0.05,15.4574623016,0.0,4.73,0.85,16.095,0.34
19,0.05,15.6046309524,0.0,5.86,0.9,16.4,0.49
20,0.05,8.46205753968,0.0,5.56,0.95,8.76,0.34
21,0.05,-0.384452380952,0.0,0.0,1.0,-0.24,0.0
22,0.1,22.9990178571,0.0,9.24,0.5,24.08,0.6
23,0.1,21.7730575397,0.0,9.16,0.55,22.09,0.62
24,0.1,19.7594781746,0.0,9.64,0.6,20.505,0.75
25,0.1,25.3610892857,0.0,7.86,0.65,26.465,0.54
26,0.1,17.4338511905,0.0,8.55,0.7,17.78,0.62
27,0.1,19.3239861111,0.0,11.05,0.75,19.575,0.89
28,0.1,20.5133472222,0.0,7.02,0.8,21.195,0.42
29,0.1,12.3300456349,0.0,3.33,0.85,12.6,0.25
30,0.1,21.3868869048,0.0,11.87,0.9,21.46,0.97
31,0.1,12.9335099206,0.0,6.75,0.95,13.665,0.49
32,0.1,3.86588690476,0.0,2.07,1.0,3.925,0.13
33,0.15,23.2849801587,0.0,9.57,0.5,23.785,0.6
34,0.15,24.9088690476,0.0,10.99,0.55,24.875,0.71
35,0.15,24.5389781746,0.0,12.05,0.6,24.655,0.73
36,0.15,18.142109127,0.0,9.16,0.65,18.8,0.59
37,0.15,22.2324761905,0.0,10.02,0.7,22.475,0.86
38,0.15,22.7417361111,0.0,14.05,0.75,23.185,0.94
39,0.15,13.1144920635,0.0,1.67,0.8,13.65,0.16
40,0.15,17.6315039683,0.0,10.27,0.85,18.69,0.82
41,0.15,13.6455873016,0.0,1.75,0.9,13.915,0.17
42,0.15,16.7324543651,0.0,7.37,0.95,17.61,0.56
43,0.15,12.2321309524,0.0,3.09,1.0,12.44,0.33
44,0.2,20.2288234127,0.0,12.73,0.5,20.555,0.89
45,0.2,19.7768829365,0.0,12.69,0.55,20.505,0.88
46,0.2,17.3486626984,0.0,8.7,0.6,17.935,0.62
47,0.2,20.3000277778,0.0,8.6,0.65,20.7,0.77
48,0.2,22.8566210317,0.0,8.4,0.7,23.325,0.56
49,0.2,18.6150416667,0.0,8.43,0.75,18.68,0.58
50,0.2,17.3620555556,0.0,11.5,0.8,17.64,0.71
51,0.2,15.149140873,0.0,7.76,0.85,15.285,0.51
52,0.2,12.451609127,0.0,4.27,0.9,13.01,0.33
53,0.2,17.667875,0.0,8.17,0.95,18.115,0.63
54,0.2,5.10981349206,0.0,1.6,1.0,4.93,0.11
55,0.25,20.8654761905,0.0,11.96,0.5,21.0,0.93
56,0.25,3.0970734127,0.0,0.19,0.55,3.31,0.01
57,0.25,18.981922619,0.0,8.34,0.6,19.89,0.73
58,0.25,21.8924920635,0.0,12.54,0.65,21.695,0.97
59,0.25,21.9444960317,0.0,14.6,0.7,22.06,0.93
60,0.25,26.292968254,0.0,9.92,0.75,26.26,0.66
61,0.25,1.12971428571,0.0,0.09,0.8,1.305,0.02
62,0.25,16.9267619048,0.0,8.83,0.85,17.285,0.65
63,0.25,26.0935912698,0.0,9.97,0.9,25.955,0.62
64,0.25,15.7440575397,0.0,7.33,0.95,16.29,0.54
65,0.25,18.8308988095,0.0,8.82,1.0,19.465,0.49
66,0.3,19.6585119048,0.0,10.8,0.5,20.355,0.92
67,0.3,21.6381924603,0.0,8.21,0.55,21.98,0.6
68,0.3,27.9142301587,0.0,5.62,0.6,28.67,0.46
69,0.3,19.6981428571,0.0,10.45,0.65,20.26,0.83
70,0.3,23.8773353175,0.0,14.25,0.7,23.895,0.93
71,0.3,19.748297619,0.0,11.79,0.75,20.2,0.88
72,0.3,24.4251964286,0.0,9.82,0.8,24.5,0.68
73,0.3,11.0660595238,0.0,2.02,0.85,11.19,0.23
74,0.3,10.4892400794,0.0,2.93,0.9,10.59,0.23
75,0.3,13.2271666667,0.0,5.43,0.95,13.655,0.52
76,0.3,15.2990674603,0.0,9.09,1.0,15.52,0.64
77,0.35,15.593781746,0.0,7.72,0.5,15.71,0.57
78,0.35,21.6079166667,0.0,13.03,0.55,21.92,0.94
79,0.35,18.4416646825,0.0,7.47,0.6,18.875,0.6
80,0.35,19.4058154762,0.0,10.89,0.65,19.935,0.67
81,0.35,18.3546210317,0.0,12.04,0.7,19.245,0.88
82,0.35,18.5054444444,0.0,7.35,0.75,18.805,0.55
83,0.35,20.5168650794,0.0,11.98,0.8,20.89,0.84
84,0.35,17.2349305556,0.0,5.16,0.85,17.645,0.42
85,0.35,19.6090972222,0.0,8.57,0.9,19.575,0.63
86,0.35,16.1534980159,0.0,3.03,0.95,17.18,0.19
87,0.35,20.8942837302,0.0,14.03,1.0,20.975,0.93
88,0.4,23.0558789683,0.0,9.91,0.5,23.12,0.74
89,0.4,5.17169642857,0.0,0.47,0.55,4.66,0.04
90,0.4,20.9076150794,0.0,11.6,0.6,21.1,0.84
91,0.4,13.7078928571,0.0,5.94,0.65,13.605,0.42
92,0.4,22.7889603175,0.0,13.49,0.7,22.905,0.86
93,0.4,22.4796289683,0.0,12.73,0.75,22.685,0.8
94,0.4,20.2600615079,0.0,6.77,0.8,21.035,0.4
95,0.4,14.1894920635,0.0,4.6,0.85,14.6,0.37
96,0.4,16.8274880952,0.0,7.8,0.9,17.42,0.55
97,0.4,11.8348948413,0.0,4.02,0.95,12.155,0.33
98,0.4,10.2388948413,0.0,4.18,1.0,10.685,0.36
99,0.45,16.1161130952,0.0,5.9,0.5,15.365,0.38
100,0.45,21.1995912698,0.0,14.71,0.55,21.64,0.96
101,0.45,6.7533015873,0.0,0.23,0.6,6.03,0.01
102,0.45,21.3795515873,0.0,13.05,0.65,21.695,0.92
103,0.45,15.0286507937,0.0,7.18,0.7,15.62,0.51
104,0.45,12.5755615079,0.0,3.7,0.75,13.06,0.26
105,0.45,12.7104642857,0.0,2.72,0.8,13.045,0.28
106,0.45,19.833172619,0.0,13.64,0.85,20.51,0.92
107,0.45,12.2304047619,0.0,3.61,0.9,12.28,0.31
108,0.45,20.101031746,0.0,10.02,0.95,20.51,0.93
109,0.45,3.10684126984,0.0,0.64,1.0,3.285,0.02
110,0.5,3.77997619048,0.0,0.19,0.5,3.555,0.02
111,0.5,4.32956349206,0.0,0.54,0.55,3.765,0.06
112,0.5,19.8185436508,0.0,9.49,0.6,20.41,0.72
113,0.5,19.8102321429,0.0,8.77,0.65,20.3,0.67
114,0.5,19.5210595238,0.0,10.85,0.7,19.77,0.81
115,0.5,18.3027162698,0.0,6.9,0.75,18.935,0.57
116,0.5,23.3426865079,0.0,14.06,0.8,22.94,0.94
117,0.5,13.5041527778,0.0,1.99,0.85,13.385,0.13
118,0.5,15.5707281746,0.0,7.28,0.9,16.005,0.56
119,0.5,13.2725178571,0.0,6.32,0.95,13.92,0.5
120,0.5,3.81130555556,0.0,1.07,1.0,3.96,0.12
121,0.55,20.4031468254,0.0,15.29,0.5,21.005,0.96
122,0.55,21.2030357143,0.0,14.62,0.55,21.35,0.97
123,0.55,9.00160515873,0.0,1.27,0.6,8.325,0.09
124,0.55,20.7326884921,0.0,10.95,0.65,20.93,0.77
125,0.55,24.2691785714,0.0,9.83,0.7,24.125,0.68
126,0.55,3.5882797619,0.0,0.25,0.75,3.52,0.01
127,0.55,6.48647420635,0.0,0.62,0.8,6.18,0.05
128,0.55,16.0142876984,0.0,5.01,0.85,16.925,0.31
129,0.55,23.9505952381,0.0,9.94,0.9,24.43,0.69
130,0.55,18.4913194444,0.0,10.05,0.95,18.52,0.61
131,0.55,2.75347222222,0.0,0.51,1.0,2.875,0.06
132,0.6,21.1954781746,0.0,13.06,0.5,21.55,0.94
133,0.6,20.3622738095,0.0,13.25,0.55,20.5,0.92
134,0.6,23.5783829365,0.0,10.03,0.6,23.86,0.7
135,0.6,9.20314087302,0.0,2.13,0.65,8.605,0.15
136,0.6,21.6493869048,0.0,7.11,0.7,21.96,0.61
137,0.6,23.9237638889,0.0,10.43,0.75,24.215,0.67
138,0.6,21.8714365079,0.0,6.67,0.8,21.58,0.45
139,0.6,21.7336309524,0.0,11.12,0.85,21.975,0.65
140,0.6,22.2411706349,0.0,10.15,0.9,22.0,0.65
141,0.6,20.5716984127,0.0,7.96,0.95,20.885,0.45
142,0.6,17.3841686508,0.0,11.81,1.0,17.97,0.73
143,0.65,3.3175515873,0.0,0.11,0.5,3.08,0.01
144,0.65,20.4517519841,0.0,10.6,0.55,21.08,0.68
145,0.65,18.2857916667,0.0,7.47,0.6,18.87,0.6
146,0.65,7.58123809524,0.0,2.34,0.65,7.15,0.16
147,0.65,11.353797619,0.0,4.51,0.7,10.24,0.3
148,0.65,17.4669722222,0.0,7.04,0.75,17.91,0.49
149,0.65,18.3047083333,0.0,9.22,0.8,18.66,0.8
150,0.65,22.0870019841,0.0,8.67,0.85,22.745,0.59
151,0.65,20.8613948413,0.0,13.39,0.9,21.37,0.94
152,0.65,19.5037261905,0.0,7.65,0.95,19.47,0.65
153,0.65,2.25393253968,0.0,0.27,1.0,1.835,0.02
154,0.7,21.6554563492,0.0,14.98,0.5,21.815,0.97
155,0.7,9.73898611111,0.0,4.26,0.55,8.93,0.33
156,0.7,3.00893452381,0.0,0.0,0.6,3.055,0.01
157,0.7,12.3942996032,0.0,4.17,0.65,11.65,0.27
158,0.7,12.3605178571,0.0,3.68,0.7,11.69,0.28
159,0.7,16.7551646825,0.0,6.25,0.75,17.28,0.5
160,0.7,18.1163829365,0.0,9.13,0.8,18.77,0.69
161,0.7,23.2056349206,0.0,9.42,0.85,23.265,0.77
162,0.7,21.172390873,0.0,13.27,0.9,21.27,0.93
163,0.7,20.9143234127,0.0,9.76,0.95,21.11,0.61
164,0.7,2.83630952381,0.0,0.41,1.0,2.8,0.03
165,0.0,-7.42069246032,0.05,2.43,0.5,-7.22,0.13
166,0.0,1.1381984127,0.05,0.28,0.55,1.115,0.04
167,0.0,-21.5510595238,0.05,0.21,0.6,-21.265,0.01
168,0.0,-2.25148809524,0.05,1.71,0.65,-2.2,0.08
169,0.0,8.12265873016,0.05,4.61,0.7,7.975,0.55
170,0.0,4.85891071429,0.05,0.79,0.75,4.78,0.02
171,0.0,10.8544444444,0.05,3.66,0.8,10.71,0.26
172,0.0,-17.5028035714,0.05,1.36,0.85,-17.44,0.07
173,0.0,-16.7021309524,0.05,1.89,0.9,-16.605,0.1
174,0.0,-3.22282142857,0.05,0.9,0.95,-2.955,0.06
175,0.0,-1.23038690476,0.05,3.9,1.0,-1.15,0.2
176,0.05,18.5924424603,0.05,11.95,0.5,19.465,0.82
177,0.05,21.590468254,0.05,10.54,0.55,22.04,0.86
178,0.05,17.9400595238,0.05,11.27,0.6,18.635,0.8
179,0.05,19.0480357143,0.05,13.82,0.65,20.48,0.84
180,0.05,13.3182837302,0.05,7.24,0.7,13.975,0.49
181,0.05,18.4073511905,0.05,9.01,0.75,19.285,0.56
182,0.05,18.6511150794,0.05,8.77,0.8,18.515,0.64
183,0.05,15.7438571429,0.05,9.42,0.85,16.77,0.65
184,0.05,14.5161904762,0.05,5.49,0.9,14.705,0.38
185,0.05,17.9332757937,0.05,11.63,0.95,18.775,0.85
186,0.05,12.9297857143,0.05,2.47,1.0,13.72,0.16
187,0.1,22.2586488095,0.05,12.6,0.5,22.13,0.88
188,0.1,22.7585793651,0.05,13.42,0.55,23.155,0.9
189,0.1,22.0036607143,0.05,12.59,0.6,21.815,0.98
190,0.1,18.6835793651,0.05,11.04,0.65,19.325,0.85
191,0.1,21.5024285714,0.05,11.81,0.7,22.3,0.89
192,0.1,20.4919107143,0.05,7.56,0.75,21.12,0.62
193,0.1,20.2555396825,0.05,12.78,0.8,20.295,0.9
194,0.1,16.5707837302,0.05,8.3,0.85,16.89,0.69
195,0.1,19.9924107143,0.05,13.39,0.9,20.42,0.88
196,0.1,10.9851527778,0.05,1.91,0.95,11.235,0.14
197,0.1,18.1010654762,0.05,7.33,1.0,18.97,0.54
198,0.15,18.6280734127,0.05,10.25,0.5,19.115,0.79
199,0.15,21.2959583333,0.05,12.26,0.55,21.515,0.89
200,0.15,22.7050555556,0.05,10.58,0.6,23.22,0.65
201,0.15,22.7703492063,0.05,8.67,0.65,23.35,0.69
202,0.15,21.471031746,0.05,8.24,0.7,22.21,0.56
203,0.15,18.5736825397,0.05,8.44,0.75,19.55,0.63
204,0.15,19.9734722222,0.05,8.73,0.8,21.17,0.64
205,0.15,18.6617738095,0.05,4.77,0.85,20.01,0.35
206,0.15,18.7542400794,0.05,8.58,0.9,19.16,0.6
207,0.15,20.8913412698,0.05,11.45,0.95,20.995,0.92
208,0.15,8.9027797619,0.05,3.78,1.0,9.565,0.34
209,0.2,21.9374444444,0.05,13.76,0.5,22.555,0.9
210,0.2,23.9242420635,0.05,10.16,0.55,24.925,0.69
211,0.2,21.8574464286,0.05,7.86,0.6,22.46,0.61
212,0.2,22.0815456349,0.05,11.33,0.65,22.605,0.78
213,0.2,23.1569960317,0.05,10.82,0.7,23.845,0.77
214,0.2,20.4537619048,0.05,10.34,0.75,21.685,0.74
215,0.2,19.3149027778,0.05,4.41,0.8,20.235,0.4
216,0.2,19.9543452381,0.05,13.83,0.85,20.845,0.94
217,0.2,21.4016607143,0.05,10.28,0.9,22.025,0.72
218,0.2,10.9595099206,0.05,3.6,0.95,11.775,0.31
219,0.2,16.9509563492,0.05,3.06,1.0,16.885,0.19
220,0.25,22.4288988095,0.05,12.36,0.5,22.11,0.88
221,0.25,23.2337896825,0.05,12.31,0.55,23.295,0.85
222,0.25,23.2865654762,0.05,10.63,0.6,23.5,0.8
223,0.25,21.8661309524,0.05,12.85,0.65,22.095,0.91
224,0.25,24.9283115079,0.05,10.42,0.7,25.28,0.79
225,0.25,21.6588849206,0.05,8.22,0.75,22.365,0.59
226,0.25,20.7718769841,0.05,13.6,0.8,20.995,0.95
227,0.25,23.1650059524,0.05,14.19,0.85,23.475,0.9
228,0.25,15.7059365079,0.05,6.4,0.9,16.93,0.56
229,0.25,20.1153611111,0.05,7.44,0.95,20.735,0.48
230,0.25,14.6324345238,0.05,6.59,1.0,15.27,0.51
231,0.3,21.7267916667,0.05,12.2,0.5,22.52,0.82
232,0.3,22.8513531746,0.05,8.33,0.55,23.395,0.64
233,0.3,24.0732837302,0.05,11.32,0.6,24.485,0.76
234,0.3,19.135234127,0.05,11.72,0.65,19.705,0.81
235,0.3,27.0143313492,0.05,8.26,0.7,26.795,0.59
236,0.3,19.2535019841,0.05,9.66,0.75,20.25,0.71
237,0.3,23.400047619,0.05,5.51,0.8,24.41,0.4
238,0.3,24.9711666667,0.05,7.39,0.85,25.04,0.52
239,0.3,23.7633373016,0.05,7.44,0.9,24.375,0.55
240,0.3,19.7391011905,0.05,4.99,0.95,20.52,0.35
241,0.3,14.9164384921,0.05,7.28,1.0,16.04,0.51
242,0.35,21.1541488095,0.05,11.32,0.5,21.885,0.82
243,0.35,22.9387857143,0.05,11.17,0.55,23.93,0.74
244,0.35,20.0581269841,0.05,10.46,0.6,21.145,0.7
245,0.35,24.0774900794,0.05,6.9,0.65,24.505,0.55
246,0.35,20.068875,0.05,7.15,0.7,20.89,0.55
247,0.35,20.7494365079,0.05,7.44,0.75,21.31,0.5
248,0.35,25.1155714286,0.05,8.1,0.8,25.185,0.6
249,0.35,20.3773035714,0.05,11.14,0.85,20.965,0.81
250,0.35,18.9372738095,0.05,5.27,0.9,19.365,0.37
251,0.35,21.2302876984,0.05,10.97,0.95,21.775,0.75
252,0.35,15.1410496032,0.05,10.29,1.0,15.465,0.67
253,0.4,21.4854146825,0.05,12.18,0.5,22.14,0.8
254,0.4,18.0875198413,0.05,8.4,0.55,19.17,0.53
255,0.4,20.114718254,0.05,10.8,0.6,20.44,0.8
256,0.4,23.7487083333,0.05,8.63,0.65,24.445,0.66
257,0.4,23.9708055556,0.05,5.74,0.7,23.5,0.39
258,0.4,20.6599940476,0.05,7.91,0.75,21.68,0.53
259,0.4,22.1689722222,0.05,4.76,0.8,22.54,0.26
260,0.4,23.6137261905,0.05,4.54,0.85,23.725,0.42
261,0.4,16.7550535714,0.05,10.54,0.9,17.645,0.65
262,0.4,14.411952381,0.05,3.74,0.95,15.74,0.24
263,0.4,17.0113928571,0.05,6.5,1.0,17.435,0.49
264,0.45,19.0124126984,0.05,10.4,0.5,19.8,0.85
265,0.45,20.0238373016,0.05,8.6,0.55,20.57,0.53
266,0.45,20.4101269841,0.05,8.61,0.6,20.95,0.56
267,0.45,22.3934265873,0.05,8.82,0.65,22.745,0.73
268,0.45,22.9921607143,0.05,10.04,0.7,23.085,0.64
269,0.45,23.507890873,0.05,7.56,0.75,24.415,0.57
270,0.45,23.0636765873,0.05,11.33,0.8,23.935,0.78
271,0.45,23.4291388889,0.05,10.5,0.85,23.385,0.64
272,0.45,21.2886150794,0.05,9.9,0.9,21.775,0.82
273,0.45,19.7881210317,0.05,9.05,0.95,19.75,0.67
274,0.45,15.184077381,0.05,8.16,1.0,15.46,0.64
275,0.5,18.9991944444,0.05,8.43,0.5,19.775,0.58
276,0.5,21.6519186508,0.05,11.93,0.55,22.115,0.85
277,0.5,18.7792103175,0.05,5.83,0.6,18.21,0.39
278,0.5,21.5367519841,0.05,8.93,0.65,21.905,0.65
279,0.5,24.0354781746,0.05,9.89,0.7,24.365,0.63
280,0.5,18.9532777778,0.05,9.7,0.75,20.005,0.67
281,0.5,23.5026329365,0.05,6.15,0.8,24.235,0.44
282,0.5,20.2581051587,0.05,4.27,0.85,20.605,0.29
283,0.5,21.8555079365,0.05,10.97,0.9,21.685,0.75
284,0.5,16.6416785714,0.05,10.26,0.95,17.005,0.78
285,0.5,19.9029107143,0.05,10.03,1.0,20.205,0.69
286,0.55,18.1615753968,0.05,8.3,0.5,17.71,0.53
287,0.55,19.5336646825,0.05,7.11,0.55,19.795,0.5
288,0.55,22.1602718254,0.05,12.34,0.6,22.325,0.85
289,0.55,11.358077381,0.05,4.64,0.65,11.885,0.39
290,0.55,16.2691845238,0.05,6.55,0.7,16.375,0.41
291,0.55,18.8609325397,0.05,4.93,0.75,19.25,0.4
292,0.55,22.5820019841,0.05,7.23,0.8,22.81,0.57
293,0.55,20.891952381,0.05,6.68,0.85,21.1,0.51
294,0.55,21.5684186508,0.05,8.02,0.9,21.625,0.58
295,0.55,20.1719900794,0.05,4.48,0.95,20.325,0.38
296,0.55,13.499952381,0.05,7.72,1.0,13.335,0.59
297,0.6,18.2145575397,0.05,7.99,0.5,18.755,0.57
298,0.6,18.215109127,0.05,7.98,0.55,18.12,0.57
299,0.6,20.1280357143,0.05,6.81,0.6,20.71,0.48
300,0.6,15.4022539683,0.05,3.54,0.65,15.555,0.25
301,0.6,18.3228829365,0.05,2.44,0.7,18.25,0.16
302,0.6,21.9889742063,0.05,5.92,0.75,22.47,0.45
303,0.6,21.1293511905,0.05,6.62,0.8,21.77,0.5
304,0.6,18.958843254,0.05,8.16,0.85,19.565,0.62
305,0.6,21.5083968254,0.05,6.67,0.9,21.81,0.52
306,0.6,15.6383214286,0.05,6.06,0.95,15.63,0.44
307,0.6,13.4204920635,0.05,7.54,1.0,13.825,0.55
308,0.65,18.8556944444,0.05,9.06,0.5,19.345,0.58
309,0.65,15.4258234127,0.05,6.51,0.55,15.705,0.47
310,0.65,19.2164563492,0.05,9.71,0.6,19.855,0.65
311,0.65,16.0325515873,0.05,5.29,0.65,16.6,0.36
312,0.65,20.9321468254,0.05,7.03,0.7,21.405,0.54
313,0.65,19.5229781746,0.05,9.33,0.75,19.56,0.6
314,0.65,22.371875,0.05,8.75,0.8,22.76,0.65
315,0.65,19.0178293651,0.05,8.08,0.85,19.535,0.57
316,0.65,20.9951984127,0.05,11.78,0.9,21.2,0.81
317,0.65,14.1102242063,0.05,5.45,0.95,14.72,0.4
318,0.65,12.4429285714,0.05,4.54,1.0,12.235,0.38
319,0.7,16.923265873,0.05,6.9,0.5,17.42,0.48
320,0.7,14.4353511905,0.05,6.49,0.55,14.66,0.48
321,0.7,15.0667599206,0.05,7.24,0.6,15.665,0.47
322,0.7,19.2450019841,0.05,5.95,0.65,19.315,0.42
323,0.7,15.6310833333,0.05,2.52,0.7,15.77,0.23
324,0.7,16.9256666667,0.05,4.49,0.75,17.26,0.31
325,0.7,19.6336150794,0.05,6.92,0.8,19.305,0.5
326,0.7,21.2773551587,0.05,6.16,0.85,21.09,0.42
327,0.7,23.114375,0.05,7.44,0.9,23.21,0.54
328,0.7,16.587359127,0.05,7.08,0.95,16.925,0.48
329,0.7,11.6316130952,0.05,8.09,1.0,11.63,0.53
330,0.0,2.94368055556,0.1,3.51,0.5,2.085,0.27
331,0.0,-8.24305753968,0.1,2.16,0.55,-8.43,0.11
332,0.0,-3.00973214286,0.1,2.87,0.6,-3.165,0.19
333,0.0,0.41655952381,0.1,0.7,0.65,0.29,0.05
334,0.0,-2.99218055556,0.1,2.36,0.7,-2.95,0.19
335,0.0,-0.039244047619,0.1,0.76,0.75,0.12,0.05
336,0.0,-3.4229484127,0.1,0.82,0.8,-3.515,0.05
337,0.0,4.97821230159,0.1,0.42,0.85,4.875,0.05
338,0.0,-6.71219642857,0.1,2.72,0.9,-6.63,0.21
339,0.0,-4.39373015873,0.1,0.42,0.95,-4.41,0.04
340,0.0,-16.0630218254,0.1,0.62,1.0,-16.05,0.04
341,0.05,19.7015892857,0.1,11.42,0.5,20.46,0.87
342,0.05,21.3053968254,0.1,10.7,0.55,21.985,0.85
343,0.05,17.7251170635,0.1,10.97,0.6,18.435,0.78
344,0.05,19.280422619,0.1,11.14,0.65,20.045,0.85
345,0.05,18.7689642857,0.1,9.34,0.7,19.625,0.73
346,0.05,18.0466150794,0.1,10.61,0.75,19.05,0.79
347,0.05,11.8500059524,0.1,3.54,0.8,12.775,0.28
348,0.05,15.7280694444,0.1,7.92,0.85,16.21,0.56
349,0.05,13.8650853175,0.1,3.22,0.9,14.905,0.22
350,0.05,15.0654722222,0.1,6.86,0.95,15.93,0.53
351,0.05,11.583234127,0.1,4.29,1.0,12.045,0.32
352,0.1,19.9523849206,0.1,14.18,0.5,20.1,0.91
353,0.1,20.8254821429,0.1,13.32,0.55,21.46,0.9
354,0.1,20.1228293651,0.1,12.0,0.6,20.73,0.89
355,0.1,22.7173551587,0.1,4.93,0.65,23.33,0.35
356,0.1,18.82225,0.1,11.79,0.7,19.71,0.84
357,0.1,22.1885257937,0.1,9.93,0.75,22.435,0.71
358,0.1,17.8667063492,0.1,11.39,0.8,18.525,0.82
359,0.1,21.3507579365,0.1,9.17,0.85,21.445,0.69
360,0.1,20.5829186508,0.1,4.05,0.9,21.265,0.33
361,0.1,19.797827381,0.1,14.27,0.95,20.575,0.95
362,0.1,6.19375,0.1,0.99,1.0,6.235,0.03
363,0.15,20.4706388889,0.1,11.68,0.5,21.11,0.81
364,0.15,19.7193313492,0.1,12.2,0.55,20.485,0.87
365,0.15,21.8871964286,0.1,10.86,0.6,22.29,0.77
366,0.15,23.327827381,0.1,10.74,0.65,24.03,0.78
367,0.15,22.8366547619,0.1,7.64,0.7,23.235,0.62
368,0.15,22.0444861111,0.1,8.95,0.75,22.475,0.7
369,0.15,19.4151666667,0.1,10.94,0.8,20.17,0.89
370,0.15,18.168890873,0.1,8.37,0.85,19.285,0.57
371,0.15,18.3103611111,0.1,10.9,0.9,18.725,0.72
372,0.15,20.0424880952,0.1,4.11,0.95,20.18,0.25
373,0.15,13.4706309524,0.1,5.18,1.0,14.06,0.39
374,0.2,22.8010059524,0.1,12.14,0.5,23.55,0.83
375,0.2,21.6425892857,0.1,10.65,0.55,22.78,0.77
376,0.2,23.6862400794,0.1,9.81,0.6,24.345,0.64
377,0.2,22.9019206349,0.1,8.26,0.65,23.19,0.66
378,0.2,22.7542261905,0.1,6.6,0.7,23.065,0.54
379,0.2,21.4932757937,0.1,12.01,0.75,22.085,0.84
380,0.2,20.170265873,0.1,8.31,0.8,21.47,0.61
381,0.2,19.8541646825,0.1,11.08,0.85,20.415,0.83
382,0.2,16.11525,0.1,10.2,0.9,16.675,0.7
383,0.2,20.9651071429,0.1,12.5,0.95,21.71,0.83
384,0.2,16.0346626984,0.1,7.05,1.0,15.935,0.49
385,0.25,20.6060218254,0.1,10.84,0.5,20.685,0.77
386,0.25,23.8828809524,0.1,9.14,0.55,24.7,0.58
387,0.25,22.7890297619,0.1,8.77,0.6,23.41,0.67
388,0.25,24.5332678571,0.1,9.25,0.65,24.79,0.66
389,0.25,20.3068313492,0.1,10.33,0.7,20.865,0.79
390,0.25,22.0236031746,0.1,10.66,0.75,22.54,0.69
391,0.25,21.8444206349,0.1,6.93,0.8,23.165,0.46
392,0.25,18.748890873,0.1,8.12,0.85,19.43,0.55
393,0.25,20.0392460317,0.1,11.78,0.9,20.14,0.88
394,0.25,21.016390873,0.1,8.29,0.95,21.23,0.65
395,0.25,15.8792142857,0.1,8.93,1.0,16.725,0.69
396,0.3,22.3816269841,0.1,9.18,0.5,23.07,0.76
397,0.3,19.1749702381,0.1,7.25,0.55,19.48,0.52
398,0.3,20.3502599206,0.1,5.74,0.6,20.725,0.38
399,0.3,22.4866904762,0.1,12.0,0.65,23.44,0.8
400,0.3,20.1552916667,0.1,9.88,0.7,20.57,0.7
401,0.3,22.8126130952,0.1,9.7,0.75,23.83,0.65
402,0.3,22.9106984127,0.1,8.09,0.8,23.955,0.59
403,0.3,19.8577123016,0.1,5.55,0.85,20.165,0.44
404,0.3,19.0385138889,0.1,5.8,0.9,19.675,0.44
405,0.3,20.454297619,0.1,7.26,0.95,21.695,0.48
406,0.3,20.7183174603,0.1,9.19,1.0,21.115,0.69
407,0.35,22.4368055556,0.1,8.7,0.5,22.475,0.6
408,0.35,21.9299662698,0.1,11.24,0.55,22.395,0.73
409,0.35,23.532702381,0.1,9.38,0.6,24.025,0.64
410,0.35,22.4657797619,0.1,9.48,0.65,22.77,0.69
411,0.35,22.0270535714,0.1,10.43,0.7,22.285,0.68
412,0.35,21.9864186508,0.1,7.9,0.75,22.27,0.61
413,0.35,23.7773888889,0.1,8.95,0.8,23.895,0.69
414,0.35,21.5964285714,0.1,9.04,0.85,22.615,0.6
415,0.35,20.0957420635,0.1,5.62,0.9,20.64,0.41
416,0.35,18.673922619,0.1,11.75,0.95,18.995,0.74
417,0.35,9.71684722222,0.1,4.98,1.0,10.325,0.33
418,0.4,21.3124583333,0.1,10.65,0.5,21.63,0.78
419,0.4,23.3007559524,0.1,9.36,0.55,23.52,0.64
420,0.4,21.6903234127,0.1,9.85,0.6,22.055,0.66
421,0.4,23.3914444444,0.1,7.2,0.65,23.43,0.54
422,0.4,22.5985912698,0.1,6.19,0.7,23.195,0.51
423,0.4,21.7608452381,0.1,6.51,0.75,22.215,0.5
424,0.4,24.1199384921,0.1,6.98,0.8,24.475,0.51
425,0.4,20.5099126984,0.1,4.13,0.85,21.065,0.25
426,0.4,20.8445436508,0.1,6.2,0.9,20.855,0.45
427,0.4,19.6187460317,0.1,8.17,0.95,19.87,0.55
428,0.4,16.3678630952,0.1,8.83,1.0,16.89,0.58
429,0.45,20.5473869048,0.1,9.62,0.5,20.66,0.69
430,0.45,22.8890396825,0.1,7.28,0.55,23.54,0.54
431,0.45,22.849422619,0.1,8.68,0.6,23.195,0.55
432,0.45,22.2225079365,0.1,6.17,0.65,22.635,0.43
433,0.45,22.927547619,0.1,4.42,0.7,22.89,0.33
434,0.45,19.6869107143,0.1,6.26,0.75,20.425,0.48
435,0.45,24.2279107143,0.1,6.64,0.8,24.975,0.52
436,0.45,20.7012261905,0.1,8.57,0.85,20.73,0.64
437,0.45,19.5373968254,0.1,9.4,0.9,20.25,0.67
438,0.45,13.4470297619,0.1,5.55,0.95,13.87,0.33
439,0.45,15.4943670635,0.1,7.26,1.0,15.81,0.54
440,0.5,20.4005376984,0.1,11.38,0.5,20.76,0.82
441,0.5,19.9736230159,0.1,7.89,0.55,20.155,0.56
442,0.5,17.4478849206,0.1,8.2,0.6,17.685,0.58
443,0.5,21.4647936508,0.1,6.8,0.65,21.815,0.5
444,0.5,18.7870436508,0.1,8.11,0.7,19.12,0.46
445,0.5,20.2327777778,0.1,9.07,0.75,20.515,0.6
446,0.5,21.2529801587,0.1,6.11,0.8,21.595,0.49
447,0.5,20.8359603175,0.1,10.45,0.85,21.28,0.72
448,0.5,22.235047619,0.1,6.28,0.9,22.045,0.45
449,0.5,15.2361269841,0.1,6.83,0.95,16.14,0.46
450,0.5,8.58904960317,0.1,5.74,1.0,8.755,0.4
451,0.55,19.9206924603,0.1,7.84,0.5,20.5,0.61
452,0.55,17.2132420635,0.1,6.64,0.55,17.735,0.42
453,0.55,20.5014107143,0.1,7.87,0.6,20.89,0.57
454,0.55,20.6280654762,0.1,4.89,0.65,20.675,0.35
455,0.55,22.5477936508,0.1,8.76,0.7,23.19,0.56
456,0.55,19.4429781746,0.1,7.96,0.75,19.82,0.59
457,0.55,17.4250853175,0.1,6.7,0.8,18.11,0.45
458,0.55,20.301172619,0.1,5.27,0.85,20.855,0.32
459,0.55,17.3718313492,0.1,7.17,0.9,17.61,0.48
460,0.55,17.3221805556,0.1,5.54,0.95,17.68,0.36
461,0.55,11.963218254,0.1,5.73,1.0,10.945,0.38
462,0.6,21.6866170635,0.1,9.69,0.5,21.565,0.73
463,0.6,21.7094047619,0.1,10.09,0.55,21.74,0.79
464,0.6,20.5786309524,0.1,8.28,0.6,21.17,0.64
465,0.6,19.1226547619,0.1,7.43,0.65,18.935,0.39
466,0.6,22.6043452381,0.1,7.3,0.7,22.595,0.57
467,0.6,17.3131805556,0.1,5.91,0.75,17.5,0.35
468,0.6,18.0818154762,0.1,3.74,0.8,19.17,0.29
469,0.6,20.0957103175,0.1,7.31,0.85,20.36,0.49
470,0.6,18.9635277778,0.1,8.59,0.9,18.9,0.59
471,0.6,16.3714781746,0.1,5.12,0.95,16.455,0.38
472,0.6,10.3795634921,0.1,5.84,1.0,10.355,0.39
473,0.65,21.0157539683,0.1,7.46,0.5,21.22,0.55
474,0.65,19.295468254,0.1,8.89,0.55,19.135,0.55
475,0.65,18.9882936508,0.1,8.26,0.6,19.14,0.56
476,0.65,20.2849642857,0.1,9.62,0.65,20.775,0.63
477,0.65,19.3572579365,0.1,4.73,0.7,19.095,0.32
478,0.65,19.1289781746,0.1,6.39,0.75,19.58,0.47
479,0.65,17.3957916667,0.1,4.09,0.8,18.05,0.36
480,0.65,19.3048194444,0.1,5.1,0.85,20.265,0.36
481,0.65,17.8851329365,0.1,8.13,0.9,18.795,0.55
482,0.65,15.4736805556,0.1,7.06,0.95,15.675,0.5
483,0.65,8.09423015873,0.1,5.48,1.0,7.7,0.34
484,0.7,15.8570714286,0.1,7.98,0.5,16.125,0.54
485,0.7,15.5961626984,0.1,5.48,0.55,16.055,0.38
486,0.7,18.7498551587,0.1,6.84,0.6,18.74,0.46
487,0.7,20.5542400794,0.1,7.88,0.65,20.735,0.58
488,0.7,16.0099305556,0.1,4.57,0.7,16.725,0.36
489,0.7,20.0695178571,0.1,3.89,0.75,21.165,0.27
490,0.7,17.1086150794,0.1,5.58,0.8,17.335,0.44
491,0.7,19.8824603175,0.1,5.04,0.85,20.07,0.34
492,0.7,19.1498670635,0.1,8.57,0.9,19.55,0.59
493,0.7,12.353734127,0.1,3.12,0.95,13.46,0.26
494,0.7,6.6787718254,0.1,4.38,1.0,6.365,0.27
495,0.0,3.3143015873,0.15,2.45,0.5,3.18,0.14
496,0.0,-6.5659047619,0.15,4.08,0.55,-6.46,0.25
497,0.0,7.6755734127,0.15,2.34,0.6,7.45,0.19
498,0.0,-5.267,0.15,5.36,0.65,-5.015,0.35
499,0.0,-3.05227777778,0.15,4.5,0.7,-2.9,0.27
500,0.0,-13.704202381,0.15,3.29,0.75,-13.295,0.15
501,0.0,8.88513888889,0.15,12.59,0.8,8.63,0.7
502,0.0,-1.49005357143,0.15,4.37,0.85,-1.515,0.32
503,0.0,23.238890873,0.15,10.91,0.9,23.265,0.81
504,0.0,14.6880059524,0.15,3.25,0.95,14.34,0.3
505,0.0,10.7898452381,0.15,6.85,1.0,10.85,0.6
506,0.05,21.269765873,0.15,11.7,0.5,21.54,0.87
507,0.05,20.0027321429,0.15,9.88,0.55,20.505,0.72
508,0.05,19.0491190476,0.15,10.91,0.6,19.965,0.84
509,0.05,20.1675099206,0.15,8.58,0.65,21.475,0.58
510,0.05,15.8931448413,0.15,4.58,0.7,17.115,0.34
511,0.05,21.6292043651,0.15,7.86,0.75,22.295,0.55
512,0.05,18.2498849206,0.15,9.31,0.8,18.75,0.75
513,0.05,20.763625,0.15,8.18,0.85,22.0,0.52
514,0.05,19.2903730159,0.15,11.84,0.9,19.94,0.74
515,0.05,19.5714325397,0.15,7.37,0.95,20.24,0.55
516,0.05,8.59724404762,0.15,4.38,1.0,8.85,0.28
517,0.1,19.491015873,0.15,9.82,0.5,20.055,0.65
518,0.1,20.822765873,0.15,11.91,0.55,21.785,0.76
519,0.1,22.4110615079,0.15,9.99,0.6,23.31,0.75
520,0.1,21.1824285714,0.15,6.61,0.65,21.805,0.44
521,0.1,18.778702381,0.15,7.3,0.7,19.945,0.5
522,0.1,21.4436884921,0.15,5.49,0.75,22.51,0.42
523,0.1,21.7558650794,0.15,7.15,0.8,22.635,0.62
524,0.1,18.4425257937,0.15,7.72,0.85,19.065,0.63
525,0.1,20.6679623016,0.15,7.04,0.9,21.005,0.53
526,0.1,16.5423730159,0.15,6.59,0.95,17.445,0.51
527,0.1,14.827702381,0.15,4.93,1.0,15.52,0.41
528,0.15,19.0852519841,0.15,10.53,0.5,19.795,0.75
529,0.15,19.8115238095,0.15,7.51,0.55,20.715,0.55
530,0.15,21.7975873016,0.15,11.98,0.6,22.28,0.82
531,0.15,19.304531746,0.15,7.02,0.65,20.065,0.54
532,0.15,20.1680019841,0.15,6.1,0.7,20.89,0.42
533,0.15,21.8935654762,0.15,11.51,0.75,21.93,0.8
534,0.15,22.3934305556,0.15,11.97,0.8,23.21,0.76
535,0.15,19.789343254,0.15,10.92,0.85,20.515,0.79
536,0.15,14.8152896825,0.15,6.2,0.9,15.245,0.4
537,0.15,16.1537996032,0.15,5.21,0.95,16.615,0.46
538,0.15,20.0659365079,0.15,10.59,1.0,20.5,0.72
539,0.2,22.2561527778,0.15,12.85,0.5,22.55,0.85
540,0.2,20.4583809524,0.15,10.79,0.55,20.765,0.76
541,0.2,21.8327738095,0.15,9.31,0.6,22.88,0.69
542,0.2,23.6631626984,0.15,8.04,0.65,23.89,0.65
543,0.2,21.268656746,0.15,10.41,0.7,21.985,0.72
544,0.2,23.4679642857,0.15,6.9,0.75,24.38,0.52
545,0.2,21.422906746,0.15,7.64,0.8,21.885,0.57
546,0.2,22.3123809524,0.15,4.71,0.85,23.24,0.39
547,0.2,21.1481269841,0.15,10.69,0.9,21.94,0.66
548,0.2,21.0136686508,0.15,9.62,0.95,21.275,0.69
549,0.2,18.057672619,0.15,8.62,1.0,18.8,0.69
550,0.25,22.2429662698,0.15,8.74,0.5,22.845,0.61
551,0.25,21.5444305556,0.15,9.28,0.55,22.355,0.67
552,0.25,22.5944960317,0.15,8.56,0.6,23.35,0.63
553,0.25,21.3846904762,0.15,9.93,0.65,22.035,0.72
554,0.25,19.8522678571,0.15,6.82,0.7,20.67,0.4
555,0.25,22.2083035714,0.15,8.18,0.75,22.575,0.58
556,0.25,19.477515873,0.15,5.54,0.8,19.885,0.43
557,0.25,20.2532519841,0.15,5.14,0.85,20.655,0.39
558,0.25,24.154531746,0.15,7.77,0.9,24.155,0.64
559,0.25,21.6344345238,0.15,7.4,0.95,21.9,0.55
560,0.25,14.0086904762,0.15,5.94,1.0,14.195,0.45
561,0.3,20.4028214286,0.15,8.34,0.5,21.15,0.55
562,0.3,20.5465396825,0.15,9.66,0.55,21.245,0.67
563,0.3,20.9644206349,0.15,8.13,0.6,21.695,0.57
564,0.3,22.1203849206,0.15,8.86,0.65,22.29,0.56
565,0.3,19.7852738095,0.15,6.56,0.7,19.97,0.48
566,0.3,19.5735615079,0.15,10.8,0.75,19.92,0.66
567,0.3,20.3113968254,0.15,7.19,0.8,21.165,0.51
568,0.3,21.0025515873,0.15,7.43,0.85,21.86,0.55
569,0.3,18.4348730159,0.15,6.09,0.9,18.755,0.4
570,0.3,20.1438988095,0.15,8.85,0.95,20.485,0.6
571,0.3,13.5038849206,0.15,5.05,1.0,13.9,0.4
572,0.35,20.6030099206,0.15,10.44,0.5,20.755,0.71
573,0.35,19.554109127,0.15,6.67,0.55,20.63,0.51
574,0.35,20.6635,0.15,7.52,0.6,20.88,0.57
575,0.35,20.9326845238,0.15,6.01,0.65,22.215,0.47
576,0.35,20.4794404762,0.15,2.05,0.7,20.825,0.27
577,0.35,19.5632162698,0.15,5.95,0.75,20.115,0.5
578,0.35,21.5922698413,0.15,7.15,0.8,21.26,0.57
579,0.35,18.7196468254,0.15,6.02,0.85,19.385,0.45
580,0.35,18.3125674603,0.15,8.17,0.9,18.975,0.65
581,0.35,21.5090952381,0.15,7.62,0.95,21.075,0.57
582,0.35,14.3755496032,0.15,6.5,1.0,14.86,0.46
583,0.4,21.5381269841,0.15,7.33,0.5,21.88,0.58
584,0.4,22.5797797619,0.15,9.36,0.55,23.19,0.67
585,0.4,21.8691031746,0.15,8.09,0.6,21.845,0.54
586,0.4,23.6899047619,0.15,8.45,0.65,23.615,0.6
587,0.4,20.9290119048,0.15,8.87,0.7,20.75,0.66
588,0.4,21.7582043651,0.15,6.4,0.75,22.565,0.52
589,0.4,18.3325059524,0.15,4.49,0.8,18.975,0.26
590,0.4,22.0300793651,0.15,9.68,0.85,22.505,0.64
591,0.4,16.7414742063,0.15,8.7,0.9,17.22,0.52
592,0.4,18.326202381,0.15,9.38,0.95,18.33,0.59
593,0.4,16.1694722222,0.15,7.86,1.0,16.245,0.56
594,0.45,19.7094126984,0.15,7.29,0.5,19.15,0.52
595,0.45,21.4148234127,0.15,10.13,0.55,21.73,0.78
596,0.45,18.8939642857,0.15,7.33,0.6,18.82,0.53
597,0.45,19.8384365079,0.15,7.1,0.65,20.17,0.54
598,0.45,21.5309087302,0.15,7.9,0.7,21.595,0.46
599,0.45,19.3519246032,0.15,6.18,0.75,19.975,0.4
600,0.45,20.4366269841,0.15,8.64,0.8,21.23,0.52
601,0.45,19.6591924603,0.15,6.77,0.85,19.405,0.51
602,0.45,16.9309206349,0.15,6.48,0.9,16.88,0.47
603,0.45,15.7047718254,0.15,5.43,0.95,16.55,0.48
604,0.45,13.3063849206,0.15,5.47,1.0,12.915,0.38
605,0.5,19.9700833333,0.15,7.13,0.5,20.285,0.59
606,0.5,20.6664702381,0.15,9.62,0.55,20.895,0.62
607,0.5,21.0008353175,0.15,9.75,0.6,21.415,0.67
608,0.5,17.3179464286,0.15,6.32,0.65,17.615,0.44
609,0.5,18.1079126984,0.15,4.31,0.7,18.315,0.35
610,0.5,19.379859127,0.15,3.97,0.75,19.805,0.35
611,0.5,21.7372281746,0.15,6.13,0.8,22.13,0.53
612,0.5,20.9197162698,0.15,10.08,0.85,21.015,0.64
613,0.5,18.1461666667,0.15,5.86,0.9,18.31,0.44
614,0.5,16.9779047619,0.15,6.98,0.95,17.775,0.51
615,0.5,10.6369027778,0.15,5.16,1.0,10.53,0.35
616,0.55,15.4395079365,0.15,4.94,0.5,15.775,0.39
617,0.55,18.0112896825,0.15,8.47,0.55,18.13,0.56
618,0.55,21.2619623016,0.15,8.29,0.6,21.47,0.59
619,0.55,18.2765873016,0.15,6.06,0.65,18.955,0.46
620,0.55,16.4174980159,0.15,6.97,0.7,16.405,0.5
621,0.55,18.7487162698,0.15,8.45,0.75,18.835,0.57
622,0.55,19.0268134921,0.15,5.55,0.8,19.01,0.39
623,0.55,17.34,0.15,6.02,0.85,17.775,0.52
624,0.55,17.4048234127,0.15,7.5,0.9,17.5,0.52
625,0.55,15.6199980159,0.15,7.23,0.95,16.165,0.55
626,0.55,11.690952381,0.15,6.89,1.0,11.29,0.42
627,0.6,19.6665019841,0.15,9.55,0.5,20.625,0.68
628,0.6,19.8368234127,0.15,9.34,0.55,20.335,0.72
629,0.6,19.6816269841,0.15,6.51,0.6,19.96,0.44
630,0.6,22.0540912698,0.15,7.25,0.65,22.215,0.51
631,0.6,17.1062222222,0.15,5.66,0.7,17.62,0.36
632,0.6,18.3630496032,0.15,6.47,0.75,18.615,0.45
633,0.6,18.2686130952,0.15,4.95,0.8,18.52,0.4
634,0.6,18.045906746,0.15,4.59,0.85,17.895,0.35
635,0.6,16.2937539683,0.15,7.97,0.9,17.11,0.45
636,0.6,15.4108333333,0.15,6.23,0.95,15.985,0.43
637,0.6,11.3269861111,0.15,6.21,1.0,10.8,0.43
638,0.65,19.857702381,0.15,7.09,0.5,20.06,0.53
639,0.65,17.8017857143,0.15,6.85,0.55,17.715,0.52
640,0.65,16.8253035714,0.15,6.95,0.6,16.93,0.42
641,0.65,16.4872837302,0.15,6.01,0.65,17.085,0.41
642,0.65,17.1429503968,0.15,5.15,0.7,17.135,0.41
643,0.65,18.8151865079,0.15,4.76,0.75,19.64,0.39
644,0.65,19.0042003968,0.15,4.97,0.8,18.705,0.43
645,0.65,17.8841369048,0.15,4.3,0.85,18.145,0.29
646,0.65,16.1673154762,0.15,4.73,0.9,16.505,0.36
647,0.65,16.272547619,0.15,6.79,0.95,16.435,0.51
648,0.65,7.50449801587,0.15,2.13,1.0,7.335,0.13
649,0.7,14.3821011905,0.15,5.09,0.5,14.37,0.38
650,0.7,17.1247242063,0.15,6.46,0.55,16.66,0.47
651,0.7,16.1051170635,0.15,5.19,0.6,16.44,0.46
652,0.7,19.0276785714,0.15,7.27,0.65,18.66,0.48
653,0.7,17.5695257937,0.15,4.63,0.7,18.065,0.36
654,0.7,20.3249484127,0.15,4.5,0.75,20.34,0.39
655,0.7,19.5437936508,0.15,6.6,0.8,19.62,0.49
656,0.7,19.143875,0.15,6.57,0.85,19.46,0.47
657,0.7,16.5171547619,0.15,3.9,0.9,16.425,0.36
658,0.7,15.4339265873,0.15,5.42,0.95,15.88,0.42
659,0.7,10.5675416667,0.15,5.79,1.0,10.94,0.39
660,0.0,8.01513492063,0.2,7.72,0.5,8.43,0.48
661,0.0,-9.54485714286,0.2,4.49,0.55,-9.79,0.24
662,0.0,9.54384325397,0.2,5.92,0.6,9.34,0.49
663,0.0,8.10036111111,0.2,6.37,0.65,8.055,0.47
664,0.0,-1.10340277778,0.2,0.67,0.7,-0.85,0.06
665,0.0,-1.39038095238,0.2,1.68,0.75,-1.615,0.07
666,0.0,-9.15398611111,0.2,1.5,0.8,-8.88,0.08
667,0.0,-9.71288690476,0.2,3.43,0.85,-9.635,0.16
668,0.0,-1.31304563492,0.2,3.99,0.9,-0.73,0.29
669,0.0,9.75399007937,0.2,6.48,0.95,9.735,0.5
670,0.0,11.9125833333,0.2,7.62,1.0,11.855,0.63
671,0.05,19.508968254,0.2,6.65,0.5,20.445,0.51
672,0.05,17.6981686508,0.2,9.11,0.55,18.355,0.72
673,0.05,17.321452381,0.2,10.61,0.6,17.98,0.77
674,0.05,21.4237123016,0.2,7.93,0.65,21.965,0.53
675,0.05,21.0585416667,0.2,8.2,0.7,22.245,0.54
676,0.05,17.4611289683,0.2,6.42,0.75,17.505,0.43
677,0.05,18.5978809524,0.2,11.86,0.8,19.33,0.86
678,0.05,16.6324960317,0.2,9.53,0.85,17.52,0.72
679,0.05,15.341109127,0.2,7.56,0.9,15.935,0.6
680,0.05,14.4779960317,0.2,6.14,0.95,14.88,0.44
681,0.05,17.7871626984,0.2,8.43,1.0,18.095,0.64
682,0.1,18.9195873016,0.2,9.54,0.5,19.755,0.71
683,0.1,20.975047619,0.2,9.6,0.55,21.535,0.71
684,0.1,19.7447638889,0.2,8.9,0.6,19.88,0.66
685,0.1,17.8179424603,0.2,11.53,0.65,18.91,0.74
686,0.1,19.962640873,0.2,8.42,0.7,20.89,0.6
687,0.1,18.6665992063,0.2,8.58,0.75,19.775,0.59
688,0.1,20.5035119048,0.2,8.6,0.8,20.96,0.61
689,0.1,19.2442400794,0.2,9.21,0.85,20.05,0.6
690,0.1,17.7606130952,0.2,9.29,0.9,18.105,0.7
691,0.1,15.2643551587,0.2,7.81,0.95,16.4,0.54
692,0.1,7.78023015873,0.2,1.93,1.0,8.575,0.11
693,0.15,21.7722797619,0.2,9.02,0.5,21.795,0.67
694,0.15,19.6080654762,0.2,9.07,0.55,20.425,0.61
695,0.15,20.2403373016,0.2,7.9,0.6,20.44,0.53
696,0.15,22.3731111111,0.2,8.02,0.65,22.81,0.57
697,0.15,19.601781746,0.2,10.58,0.7,20.165,0.69
698,0.15,21.3323928571,0.2,11.16,0.75,21.52,0.77
699,0.15,19.4539027778,0.2,9.33,0.8,20.17,0.66
700,0.15,19.9193690476,0.2,4.37,0.85,20.295,0.3
701,0.15,19.5507321429,0.2,9.64,0.9,19.69,0.64
702,0.15,19.9626646825,0.2,5.41,0.95,20.405,0.45
703,0.15,22.0810297619,0.2,6.93,1.0,22.26,0.57
704,0.2,19.8603075397,0.2,7.25,0.5,20.415,0.52
705,0.2,22.0915793651,0.2,9.84,0.55,22.06,0.71
706,0.2,21.642625,0.2,8.17,0.6,21.96,0.6
707,0.2,19.4528353175,0.2,5.83,0.65,20.21,0.47
708,0.2,20.2854246032,0.2,8.97,0.7,20.235,0.66
709,0.2,17.8585099206,0.2,6.71,0.75,18.93,0.45
710,0.2,20.3111607143,0.2,8.89,0.8,21.03,0.62
711,0.2,21.2917896825,0.2,9.36,0.85,21.84,0.62
712,0.2,17.527015873,0.2,8.35,0.9,18.445,0.59
713,0.2,18.8844662698,0.2,8.69,0.95,19.705,0.58
714,0.2,20.1750654762,0.2,10.33,1.0,20.38,0.78
715,0.25,20.9239345238,0.2,9.06,0.5,21.455,0.64
716,0.25,20.8441765873,0.2,7.44,0.55,21.51,0.49
717,0.25,21.0671170635,0.2,8.12,0.6,21.975,0.65
718,0.25,22.7433769841,0.2,6.45,0.65,23.13,0.57
719,0.25,18.7102162698,0.2,5.26,0.7,18.96,0.4
720,0.25,21.3175595238,0.2,4.8,0.75,21.645,0.45
721,0.25,21.7310396825,0.2,6.03,0.8,21.75,0.43
722,0.25,17.6538412698,0.2,6.48,0.85,18.14,0.48
723,0.25,18.8418015873,0.2,5.8,0.9,19.375,0.37
724,0.25,13.7352698413,0.2,4.61,0.95,14.325,0.34
725,0.25,17.7033134921,0.2,9.37,1.0,18.19,0.64
726,0.3,20.758922619,0.2,11.68,0.5,21.085,0.71
727,0.3,20.2935734127,0.2,6.31,0.55,20.915,0.53
728,0.3,20.3664583333,0.2,8.7,0.6,21.045,0.66
729,0.3,21.3988095238,0.2,8.69,0.65,21.04,0.64
730,0.3,18.6166448413,0.2,6.2,0.7,19.425,0.43
731,0.3,23.2871150794,0.2,8.91,0.75,23.305,0.64
732,0.3,17.6848234127,0.2,6.41,0.8,18.67,0.46
733,0.3,16.6923531746,0.2,5.56,0.85,17.285,0.4
734,0.3,17.5266865079,0.2,4.26,0.9,18.195,0.37
735,0.3,18.0942956349,0.2,6.89,0.95,18.65,0.48
736,0.3,15.7041111111,0.2,6.74,1.0,15.095,0.5
737,0.35,21.7830337302,0.2,9.2,0.5,22.13,0.63
738,0.35,20.2975972222,0.2,8.55,0.55,20.61,0.59
739,0.35,19.3007142857,0.2,7.47,0.6,20.01,0.56
740,0.35,21.6461210317,0.2,9.5,0.65,21.785,0.64
741,0.35,21.7875218254,0.2,7.15,0.7,22.38,0.48
742,0.35,20.1795793651,0.2,6.89,0.75,20.21,0.47
743,0.35,18.6947996032,0.2,6.74,0.8,19.575,0.51
744,0.35,19.2918730159,0.2,4.13,0.85,19.62,0.29
745,0.35,18.2390694444,0.2,8.68,0.9,19.04,0.58
746,0.35,18.0467142857,0.2,7.56,0.95,17.495,0.51
747,0.35,10.5437519841,0.2,5.77,1.0,10.825,0.35
748,0.4,18.7053353175,0.2,8.44,0.5,19.45,0.59
749,0.4,19.9406686508,0.2,8.95,0.55,20.12,0.64
750,0.4,21.1543571429,0.2,8.95,0.6,21.25,0.57
751,0.4,20.7099503968,0.2,6.96,0.65,21.11,0.6
752,0.4,19.4095813492,0.2,4.77,0.7,19.86,0.36
753,0.4,19.1876984127,0.2,5.94,0.75,19.23,0.45
754,0.4,20.4449365079,0.2,6.13,0.8,20.955,0.45
755,0.4,19.2036845238,0.2,6.85,0.85,19.42,0.41
756,0.4,17.6765396825,0.2,2.51,0.9,17.65,0.24
757,0.4,15.2333511905,0.2,3.71,0.95,14.545,0.3
758,0.4,12.1290238095,0.2,5.23,1.0,12.025,0.39
759,0.45,20.8073214286,0.2,7.13,0.5,21.025,0.62
760,0.45,18.5751527778,0.2,10.25,0.55,19.38,0.65
761,0.45,18.7069007937,0.2,8.0,0.6,19.545,0.52
762,0.45,17.5369960317,0.2,4.5,0.65,17.695,0.34
763,0.45,19.481172619,0.2,5.17,0.7,19.94,0.45
764,0.45,18.8531230159,0.2,5.55,0.75,19.425,0.47
765,0.45,17.2345277778,0.2,5.67,0.8,17.645,0.41
766,0.45,19.120140873,0.2,6.08,0.85,18.985,0.44
767,0.45,17.4167480159,0.2,4.15,0.9,17.7,0.3
768,0.45,16.4327281746,0.2,5.02,0.95,16.52,0.43
769,0.45,12.6768650794,0.2,5.72,1.0,12.84,0.42
770,0.5,20.824218254,0.2,9.82,0.5,21.3,0.69
771,0.5,17.6093888889,0.2,9.39,0.55,17.65,0.57
772,0.5,18.5278869048,0.2,8.41,0.6,18.65,0.53
773,0.5,18.7745674603,0.2,6.13,0.65,19.04,0.5
774,0.5,18.4398373016,0.2,6.52,0.7,19.385,0.42
775,0.5,20.251952381,0.2,5.42,0.75,20.535,0.43
776,0.5,17.1972519841,0.2,4.46,0.8,17.655,0.35
777,0.5,16.847265873,0.2,4.21,0.85,17.38,0.29
778,0.5,16.6704642857,0.2,6.83,0.9,16.91,0.44
779,0.5,15.0995297619,0.2,6.02,0.95,14.99,0.36
780,0.5,13.4314365079,0.2,6.63,1.0,13.15,0.51
781,0.55,19.5396825397,0.2,7.16,0.5,20.105,0.59
782,0.55,20.4587738095,0.2,7.76,0.55,20.9,0.56
783,0.55,18.3893571429,0.2,6.16,0.6,18.64,0.46
784,0.55,20.7601130952,0.2,6.37,0.65,20.33,0.59
785,0.55,18.1798928571,0.2,6.52,0.7,18.495,0.43
786,0.55,18.3436944444,0.2,6.8,0.75,19.04,0.44
787,0.55,16.918390873,0.2,5.46,0.8,17.05,0.41
788,0.55,18.0567400794,0.2,7.97,0.85,18.065,0.51
789,0.55,15.9223214286,0.2,4.63,0.9,15.505,0.35
790,0.55,13.3458452381,0.2,2.73,0.95,13.08,0.26
791,0.55,10.627015873,0.2,5.02,1.0,10.445,0.4
792,0.6,18.9639047619,0.2,5.75,0.5,19.385,0.47
793,0.6,17.923609127,0.2,8.61,0.55,18.255,0.53
794,0.6,17.4602103175,0.2,6.37,0.6,17.85,0.44
795,0.6,18.8842400794,0.2,6.81,0.65,19.585,0.52
796,0.6,17.8467797619,0.2,5.85,0.7,18.435,0.45
797,0.6,19.0223472222,0.2,6.81,0.75,19.11,0.44
798,0.6,18.9781964286,0.2,6.68,0.8,19.435,0.47
799,0.6,18.6089007937,0.2,4.31,0.85,18.93,0.37
800,0.6,14.1712361111,0.2,4.8,0.9,14.515,0.3
801,0.6,15.2223690476,0.2,7.19,0.95,15.33,0.52
802,0.6,10.3544861111,0.2,5.94,1.0,10.155,0.41
803,0.65,15.930125,0.2,6.46,0.5,15.83,0.44
804,0.65,20.001922619,0.2,7.14,0.55,20.455,0.56
805,0.65,17.7389345238,0.2,5.95,0.6,18.095,0.46
806,0.65,18.6246984127,0.2,5.2,0.65,19.02,0.34
807,0.65,15.1999464286,0.2,3.5,0.7,15.625,0.27
808,0.65,19.2462777778,0.2,5.97,0.75,19.36,0.42
809,0.65,17.3137480159,0.2,5.67,0.8,17.83,0.4
810,0.65,17.6750376984,0.2,7.57,0.85,17.84,0.49
811,0.65,16.191468254,0.2,4.88,0.9,16.58,0.36
812,0.65,15.5815238095,0.2,4.87,0.95,15.1,0.37
813,0.65,9.91596626984,0.2,4.04,1.0,9.135,0.27
814,0.7,18.5847857143,0.2,6.05,0.5,18.265,0.51
815,0.7,16.6259781746,0.2,5.82,0.55,16.91,0.43
816,0.7,17.3352261905,0.2,7.22,0.6,17.515,0.46
817,0.7,18.0064246032,0.2,5.12,0.65,18.365,0.45
818,0.7,18.7349781746,0.2,3.98,0.7,18.665,0.34
819,0.7,17.2143194444,0.2,4.81,0.75,17.785,0.37
820,0.7,18.5941448413,0.2,5.94,0.8,19.13,0.4
821,0.7,15.7557261905,0.2,4.36,0.85,15.78,0.31
822,0.7,12.1581964286,0.2,5.11,0.9,13.315,0.36
823,0.7,10.7543630952,0.2,4.04,0.95,10.905,0.27
824,0.7,10.1450138889,0.2,4.74,1.0,9.88,0.4
825,0.0,-6.61199603175,0.25,2.3,0.5,-6.75,0.16
826,0.0,-2.67568253968,0.25,2.37,0.55,-2.855,0.15
827,0.0,-7.75237301587,0.25,2.91,0.6,-7.74,0.16
828,0.0,-0.97923015873,0.25,3.45,0.65,-0.515,0.22
829,0.0,-10.9644424603,0.25,0.46,0.7,-10.965,0.03
830,0.0,-2.71168849206,0.25,2.51,0.75,-2.795,0.17
831,0.0,-0.940416666667,0.25,3.4,0.8,-1.08,0.23
832,0.0,-7.33593253968,0.25,3.2,0.85,-7.17,0.14
833,0.0,-3.58806150794,0.25,2.05,0.9,-3.82,0.14
834,0.0,1.18160119048,0.25,2.44,0.95,1.335,0.17
835,0.0,0.58325,0.25,2.05,1.0,0.515,0.18
836,0.05,18.8973869048,0.25,9.76,0.5,19.66,0.65
837,0.05,19.9671468254,0.25,9.14,0.55,20.51,0.7
838,0.05,17.4541746032,0.25,8.96,0.6,17.94,0.6
839,0.05,19.3564206349,0.25,9.93,0.65,19.855,0.75
840,0.05,19.090984127,0.25,8.95,0.7,19.515,0.65
841,0.05,17.0572599206,0.25,5.95,0.75,17.45,0.44
842,0.05,19.7635555556,0.25,10.91,0.8,20.01,0.85
843,0.05,19.1197777778,0.25,7.72,0.85,19.46,0.6
844,0.05,14.0214345238,0.25,4.18,0.9,14.525,0.31
845,0.05,8.78263293651,0.25,3.72,0.95,8.73,0.21
846,0.05,10.9421428571,0.25,4.38,1.0,11.58,0.37
847,0.1,19.1533392857,0.25,10.23,0.5,19.905,0.76
848,0.1,18.6356071429,0.25,9.1,0.55,19.565,0.71
849,0.1,19.6614781746,0.25,10.79,0.6,19.845,0.78
850,0.1,21.0908392857,0.25,9.08,0.65,22.115,0.7
851,0.1,18.580734127,0.25,7.81,0.7,19.175,0.56
852,0.1,19.4790615079,0.25,7.06,0.75,19.975,0.57
853,0.1,20.2950515873,0.25,8.38,0.8,21.19,0.65
854,0.1,17.7039980159,0.25,3.35,0.85,18.285,0.32
855,0.1,19.1114563492,0.25,9.6,0.9,19.585,0.71
856,0.1,12.3812142857,0.25,5.88,0.95,12.815,0.43
857,0.1,13.5190178571,0.25,4.72,1.0,14.27,0.31
858,0.15,19.2727043651,0.25,9.6,0.5,19.295,0.66
859,0.15,20.610327381,0.25,8.56,0.55,21.41,0.64
860,0.15,20.9777996032,0.25,7.65,0.6,21.1,0.58
861,0.15,19.8254186508,0.25,7.13,0.65,20.15,0.51
862,0.15,19.2113234127,0.25,6.81,0.7,20.11,0.56
863,0.15,16.8102619048,0.25,6.55,0.75,17.41,0.48
864,0.15,21.0277123016,0.25,6.92,0.8,21.555,0.62
865,0.15,19.9802936508,0.25,9.31,0.85,19.95,0.61
866,0.15,18.1187698413,0.25,7.37,0.9,18.625,0.55
867,0.15,18.8265674603,0.25,4.2,0.95,19.575,0.39
868,0.15,17.5047261905,0.25,8.86,1.0,17.63,0.55
869,0.2,20.2170138889,0.25,8.7,0.5,20.67,0.65
870,0.2,21.183327381,0.25,8.77,0.55,21.545,0.66
871,0.2,20.9396349206,0.25,7.82,0.6,21.09,0.54
872,0.2,20.6029940476,0.25,10.78,0.65,20.775,0.82
873,0.2,19.3246666667,0.25,6.29,0.7,19.77,0.48
874,0.2,18.4976825397,0.25,8.38,0.75,19.015,0.56
875,0.2,17.2503650794,0.25,6.95,0.8,17.92,0.43
876,0.2,17.5106369048,0.25,6.02,0.85,18.12,0.35
877,0.2,20.3233134921,0.25,6.02,0.9,20.425,0.47
878,0.2,17.8829047619,0.25,6.28,0.95,18.485,0.48
879,0.2,19.5240892857,0.25,8.8,1.0,19.655,0.67
880,0.25,18.1002579365,0.25,8.91,0.5,18.38,0.6
881,0.25,18.6242281746,0.25,7.95,0.55,19.38,0.61
882,0.25,17.1542083333,0.25,5.79,0.6,17.565,0.44
883,0.25,18.9160753968,0.25,7.33,0.65,19.1,0.51
884,0.25,21.4272698413,0.25,5.78,0.7,21.495,0.39
885,0.25,16.6233710317,0.25,5.11,0.75,17.295,0.32
886,0.25,19.4470615079,0.25,10.51,0.8,19.985,0.64
887,0.25,21.9148095238,0.25,8.65,0.85,22.215,0.64
888,0.25,18.9585396825,0.25,9.93,0.9,19.63,0.71
889,0.25,17.4443551587,0.25,6.99,0.95,17.91,0.42
890,0.25,15.2831805556,0.25,7.54,1.0,15.26,0.5
891,0.3,20.999093254,0.25,8.86,0.5,21.3,0.69
892,0.3,20.3328174603,0.25,7.46,0.55,20.51,0.56
893,0.3,21.3886547619,0.25,7.3,0.6,21.585,0.58
894,0.3,20.4527996032,0.25,5.74,0.65,20.995,0.47
895,0.3,18.5061210317,0.25,6.2,0.7,18.64,0.48
896,0.3,19.2790853175,0.25,6.96,0.75,20.025,0.54
897,0.3,19.3776805556,0.25,6.8,0.8,19.315,0.5
898,0.3,19.5816884921,0.25,6.54,0.85,20.09,0.51
899,0.3,17.0507083333,0.25,5.86,0.9,17.94,0.42
900,0.3,16.4082261905,0.25,6.68,0.95,16.95,0.54
901,0.3,12.2818035714,0.25,4.92,1.0,12.065,0.4
902,0.35,18.1323373016,0.25,8.01,0.5,18.615,0.62
903,0.35,18.4963353175,0.25,5.99,0.55,18.82,0.45
904,0.35,17.382734127,0.25,8.19,0.6,17.98,0.51
905,0.35,18.2727599206,0.25,8.12,0.65,18.71,0.54
906,0.35,18.9276150794,0.25,6.74,0.7,19.145,0.48
907,0.35,19.6441527778,0.25,4.94,0.75,19.365,0.31
908,0.35,21.3669662698,0.25,6.1,0.8,21.06,0.51
909,0.35,19.1134563492,0.25,6.86,0.85,19.35,0.41
910,0.35,17.9756230159,0.25,4.54,0.9,17.845,0.37
911,0.35,16.7520416667,0.25,8.14,0.95,17.42,0.52
912,0.35,11.2292043651,0.25,3.86,1.0,11.71,0.28
913,0.4,20.1579027778,0.25,7.09,0.5,20.365,0.59
914,0.4,17.3196388889,0.25,8.18,0.55,17.945,0.5
915,0.4,19.1089484127,0.25,8.31,0.6,19.68,0.56
916,0.4,19.6837440476,0.25,6.91,0.65,20.285,0.5
917,0.4,18.4813313492,0.25,6.62,0.7,18.66,0.52
918,0.4,17.9373055556,0.25,5.31,0.75,18.05,0.44
919,0.4,17.8801170635,0.25,5.98,0.8,18.6,0.5
920,0.4,18.7023988095,0.25,9.02,0.85,18.915,0.57
921,0.4,16.702375,0.25,6.59,0.9,17.18,0.46
922,0.4,13.4313373016,0.25,5.15,0.95,14.035,0.37
923,0.4,10.6634900794,0.25,4.0,1.0,10.07,0.28
924,0.45,19.6192916667,0.25,8.24,0.5,19.995,0.57
925,0.45,16.6734742063,0.25,7.97,0.55,17.205,0.58
926,0.45,19.8554186508,0.25,6.49,0.6,19.925,0.46
927,0.45,18.0478472222,0.25,5.74,0.65,18.445,0.44
928,0.45,17.8672142857,0.25,8.84,0.7,18.315,0.61
929,0.45,15.855093254,0.25,6.04,0.75,15.84,0.42
930,0.45,17.6815694444,0.25,5.39,0.8,17.865,0.4
931,0.45,16.9043373016,0.25,3.75,0.85,17.125,0.25
932,0.45,17.2929384921,0.25,7.11,0.9,17.5,0.45
933,0.45,14.8361884921,0.25,7.89,0.95,15.185,0.52
934,0.45,10.642734127,0.25,4.98,1.0,10.695,0.38
935,0.5,17.7317837302,0.25,7.16,0.5,18.09,0.62
936,0.5,18.684702381,0.25,5.33,0.55,19.195,0.48
937,0.5,20.4817222222,0.25,7.38,0.6,20.075,0.55
938,0.5,20.7876210317,0.25,5.9,0.65,20.97,0.47
939,0.5,20.7394444444,0.25,9.81,0.7,20.605,0.55
940,0.5,15.9228412698,0.25,7.18,0.75,16.43,0.45
941,0.5,17.2072638889,0.25,4.94,0.8,17.605,0.4
942,0.5,18.0962579365,0.25,5.56,0.85,17.31,0.44
943,0.5,17.3770515873,0.25,3.9,0.9,17.205,0.32
944,0.5,14.6245039683,0.25,6.94,0.95,14.605,0.47
945,0.5,10.4330079365,0.25,5.63,1.0,10.41,0.39
946,0.55,16.4838015873,0.25,8.13,0.5,16.505,0.56
947,0.55,18.313718254,0.25,6.24,0.55,18.255,0.47
948,0.55,17.535327381,0.25,5.09,0.6,17.36,0.39
949,0.55,17.1329107143,0.25,5.1,0.65,17.16,0.37
950,0.55,19.1270892857,0.25,4.72,0.7,18.955,0.37
951,0.55,16.5332083333,0.25,6.11,0.75,16.865,0.41
952,0.55,18.0125099206,0.25,7.44,0.8,18.01,0.45
953,0.55,17.0876825397,0.25,5.75,0.85,17.3,0.42
954,0.55,17.9167777778,0.25,5.9,0.9,17.9,0.52
955,0.55,13.7841150794,0.25,4.6,0.95,13.72,0.34
956,0.55,10.6902103175,0.25,4.78,1.0,9.78,0.42
957,0.6,19.9875059524,0.25,7.37,0.5,20.155,0.56
958,0.6,17.8807539683,0.25,6.59,0.55,17.905,0.52
959,0.6,16.7224980159,0.25,4.26,0.6,16.815,0.28
960,0.6,16.7668313492,0.25,8.23,0.65,16.65,0.5
961,0.6,17.0408630952,0.25,5.29,0.7,17.245,0.4
962,0.6,17.5011547619,0.25,5.02,0.75,17.52,0.35
963,0.6,18.9324761905,0.25,7.8,0.8,19.055,0.46
964,0.6,14.7545555556,0.25,4.88,0.85,15.26,0.33
965,0.6,15.1234007937,0.25,3.8,0.9,14.605,0.32
966,0.6,15.3944623016,0.25,6.53,0.95,15.455,0.41
967,0.6,7.7205952381,0.25,5.24,1.0,7.875,0.33
968,0.65,14.9711130952,0.25,6.13,0.5,15.775,0.39
969,0.65,16.7378452381,0.25,6.34,0.55,16.565,0.45
970,0.65,18.4690198413,0.25,4.64,0.6,18.34,0.4
971,0.65,17.7540277778,0.25,4.25,0.65,17.825,0.38
972,0.65,17.0428670635,0.25,5.39,0.7,17.68,0.39
973,0.65,16.0257638889,0.25,4.17,0.75,15.77,0.31
974,0.65,15.6260436508,0.25,6.44,0.8,15.93,0.42
975,0.65,17.3470277778,0.25,7.25,0.85,17.725,0.48
976,0.65,15.6991527778,0.25,6.66,0.9,15.88,0.42
977,0.65,13.8775535714,0.25,6.05,0.95,13.97,0.41
978,0.65,7.43667063492,0.25,2.91,1.0,7.235,0.2
979,0.7,17.1642738095,0.25,6.03,0.5,17.535,0.49
980,0.7,18.250656746,0.25,6.81,0.55,17.99,0.52
981,0.7,16.1630714286,0.25,6.49,0.6,16.405,0.46
982,0.7,14.0514384921,0.25,4.34,0.65,14.815,0.32
983,0.7,16.138577381,0.25,4.67,0.7,16.27,0.33
984,0.7,16.189406746,0.25,4.86,0.75,16.235,0.4
985,0.7,17.2772321429,0.25,6.47,0.8,17.025,0.51
986,0.7,14.6366269841,0.25,3.69,0.85,15.245,0.27
987,0.7,13.6812698413,0.25,4.4,0.9,14.22,0.35
988,0.7,12.0185039683,0.25,4.61,0.95,12.39,0.31
989,0.7,9.2785515873,0.25,5.79,1.0,8.43,0.34
990,0.0,-4.98948214286,0.3,2.14,0.5,-5.255,0.08
991,0.0,2.83563095238,0.3,3.26,0.55,3.03,0.26
992,0.0,-6.18306349206,0.3,2.63,0.6,-6.425,0.16
993,0.0,-4.88436111111,0.3,2.19,0.65,-4.675,0.14
994,0.0,-1.34301388889,0.3,3.25,0.7,-1.835,0.26
995,0.0,16.8390813492,0.3,9.44,0.75,16.74,0.76
996,0.0,4.86170436508,0.3,6.14,0.8,4.9,0.37
997,0.0,-4.90164087302,0.3,1.53,0.85,-4.885,0.08
998,0.0,-1.29312103175,0.3,0.54,0.9,-1.45,0.05
999,0.0,-0.34031547619,0.3,4.22,0.95,-0.14,0.23
1000,0.0,2.31292857143,0.3,4.11,1.0,2.245,0.33
1001,0.05,17.5802103175,0.3,10.07,0.5,18.225,0.69
1002,0.05,18.229906746,0.3,6.62,0.55,18.895,0.5
1003,0.05,18.3229484127,0.3,6.5,0.6,19.095,0.54
1004,0.05,18.2108293651,0.3,8.69,0.65,19.235,0.61
1005,0.05,17.1854027778,0.3,7.46,0.7,17.895,0.54
1006,0.05,18.9969722222,0.3,11.31,0.75,19.295,0.8
1007,0.05,14.2010138889,0.3,6.55,0.8,14.995,0.45
1008,0.05,15.0508313492,0.3,4.43,0.85,15.535,0.39
1009,0.05,13.374609127,0.3,4.93,0.9,14.03,0.4
1010,0.05,13.4625753968,0.3,4.38,0.95,14.1,0.36
1011,0.05,13.9170515873,0.3,4.84,1.0,14.01,0.33
1012,0.1,20.7548531746,0.3,7.98,0.5,21.175,0.69
1013,0.1,20.0963015873,0.3,10.32,0.55,20.385,0.7
1014,0.1,20.5666527778,0.3,9.58,0.6,20.965,0.65
1015,0.1,19.3293988095,0.3,7.44,0.65,19.875,0.64
1016,0.1,19.8959761905,0.3,8.73,0.7,19.895,0.67
1017,0.1,20.2025257937,0.3,7.57,0.75,20.16,0.61
1018,0.1,17.091359127,0.3,7.11,0.8,18.105,0.53
1019,0.1,18.3148611111,0.3,7.19,0.85,19.195,0.47
1020,0.1,18.0934980159,0.3,9.78,0.9,18.46,0.63
1021,0.1,12.4634345238,0.3,5.42,0.95,13.265,0.35
1022,0.1,15.7758511905,0.3,3.14,1.0,15.785,0.23
1023,0.15,19.1387400794,0.3,7.17,0.5,19.255,0.53
1024,0.15,19.3389404762,0.3,7.95,0.55,19.675,0.64
1025,0.15,16.630390873,0.3,7.22,0.6,17.13,0.45
1026,0.15,18.7773849206,0.3,9.78,0.65,19.255,0.68
1027,0.15,19.4499285714,0.3,7.11,0.7,19.645,0.52
1028,0.15,18.9347281746,0.3,4.78,0.75,19.545,0.44
1029,0.15,16.3190436508,0.3,7.75,0.8,17.295,0.45
1030,0.15,17.8059940476,0.3,4.45,0.85,18.28,0.38
1031,0.15,15.5208888889,0.3,4.13,0.9,15.73,0.33
1032,0.15,19.3613472222,0.3,9.42,0.95,19.455,0.69
1033,0.15,14.8188531746,0.3,4.24,1.0,14.9,0.32
1034,0.2,17.9885535714,0.3,9.38,0.5,18.665,0.65
1035,0.2,17.4342043651,0.3,9.02,0.55,18.135,0.57
1036,0.2,20.1108849206,0.3,7.37,0.6,20.505,0.58
1037,0.2,19.422718254,0.3,4.63,0.65,19.7,0.41
1038,0.2,19.7367202381,0.3,6.77,0.7,19.905,0.53
1039,0.2,19.3997916667,0.3,5.02,0.75,19.875,0.38
1040,0.2,16.5032777778,0.3,6.97,0.8,17.195,0.41
1041,0.2,17.8541150794,0.3,4.41,0.85,17.625,0.37
1042,0.2,17.6324940476,0.3,6.7,0.9,18.39,0.53
1043,0.2,15.6202400794,0.3,3.01,0.95,16.17,0.24
1044,0.2,16.4201130952,0.3,7.15,1.0,16.755,0.57
1045,0.25,19.3003571429,0.3,9.33,0.5,19.38,0.62
1046,0.25,18.4811369048,0.3,6.25,0.55,19.005,0.48
1047,0.25,18.9172857143,0.3,7.17,0.6,19.355,0.52
1048,0.25,19.8368234127,0.3,5.77,0.65,19.63,0.44
1049,0.25,18.8972321429,0.3,5.68,0.7,19.105,0.43
1050,0.25,18.8468293651,0.3,7.39,0.75,18.835,0.51
1051,0.25,16.7996369048,0.3,5.35,0.8,16.845,0.41
1052,0.25,17.6755059524,0.3,7.06,0.85,18.385,0.46
1053,0.25,17.2082718254,0.3,3.24,0.9,17.46,0.29
1054,0.25,18.5469920635,0.3,9.48,0.95,19.02,0.7
1055,0.25,16.0926369048,0.3,8.18,1.0,15.795,0.55
1056,0.3,18.6144880952,0.3,8.16,0.5,18.585,0.63
1057,0.3,17.0096071429,0.3,6.3,0.55,17.57,0.46
1058,0.3,18.1899404762,0.3,7.94,0.6,18.16,0.62
1059,0.3,19.0679642857,0.3,6.08,0.65,19.24,0.42
1060,0.3,17.307390873,0.3,4.08,0.7,18.125,0.32
1061,0.3,14.5700416667,0.3,4.55,0.75,15.24,0.36
1062,0.3,20.1796547619,0.3,5.8,0.8,20.115,0.44
1063,0.3,17.811109127,0.3,5.22,0.85,17.995,0.47
1064,0.3,18.4423809524,0.3,5.95,0.9,18.98,0.48
1065,0.3,15.2934623016,0.3,4.81,0.95,16.07,0.36
1066,0.3,14.0314325397,0.3,4.99,1.0,14.255,0.38
1067,0.35,18.0505257937,0.3,7.47,0.5,18.865,0.53
1068,0.35,17.6698253968,0.3,7.39,0.55,18.14,0.57
1069,0.35,18.0567678571,0.3,7.25,0.6,18.29,0.54
1070,0.35,18.6119325397,0.3,7.35,0.65,19.075,0.48
1071,0.35,18.3173174603,0.3,4.5,0.7,18.565,0.43
1072,0.35,19.0377142857,0.3,5.03,0.75,18.845,0.41
1073,0.35,16.504327381,0.3,4.96,0.8,16.795,0.3
1074,0.35,18.3960496032,0.3,7.08,0.85,18.875,0.48
1075,0.35,16.289922619,0.3,6.88,0.9,16.625,0.35
1076,0.35,16.6568412698,0.3,5.32,0.95,16.5,0.52
1077,0.35,9.31299801587,0.3,4.12,1.0,8.745,0.27
1078,0.4,16.7324285714,0.3,8.36,0.5,17.65,0.54
1079,0.4,16.3188769841,0.3,8.4,0.55,16.885,0.53
1080,0.4,17.9441865079,0.3,5.72,0.6,18.325,0.44
1081,0.4,18.7430138889,0.3,5.0,0.65,18.55,0.44
1082,0.4,17.9609107143,0.3,7.37,0.7,18.36,0.49
1083,0.4,16.1568234127,0.3,2.74,0.75,16.59,0.26
1084,0.4,16.9183353175,0.3,5.56,0.8,17.005,0.48
1085,0.4,16.7540178571,0.3,7.03,0.85,17.225,0.42
1086,0.4,17.5245515873,0.3,6.46,0.9,17.345,0.47
1087,0.4,12.8673531746,0.3,4.52,0.95,13.515,0.31
1088,0.4,8.43027777778,0.3,3.89,1.0,8.15,0.27
1089,0.45,18.1976964286,0.3,7.47,0.5,18.545,0.55
1090,0.45,19.3364603175,0.3,6.99,0.55,19.26,0.54
1091,0.45,15.3325575397,0.3,5.73,0.6,15.68,0.37
1092,0.45,15.8344801587,0.3,5.01,0.65,15.94,0.29
1093,0.45,16.1636805556,0.3,5.12,0.7,16.91,0.37
1094,0.45,16.8666190476,0.3,7.88,0.75,16.855,0.49
1095,0.45,18.1232777778,0.3,7.75,0.8,18.7,0.53
1096,0.45,16.7585694444,0.3,3.46,0.85,17.085,0.34
1097,0.45,14.5661666667,0.3,4.32,0.9,14.735,0.32
1098,0.45,14.7090853175,0.3,5.37,0.95,14.395,0.45
1099,0.45,11.7566210317,0.3,5.71,1.0,11.615,0.41
1100,0.5,18.3066448413,0.3,5.19,0.5,18.225,0.45
1101,0.5,17.7859642857,0.3,6.11,0.55,17.91,0.42
1102,0.5,18.041734127,0.3,5.5,0.6,17.965,0.45
1103,0.5,15.2741468254,0.3,6.61,0.65,15.715,0.49
1104,0.5,18.2848809524,0.3,5.13,0.7,18.185,0.39
1105,0.5,16.8361190476,0.3,5.04,0.75,17.0,0.34
1106,0.5,16.7995376984,0.3,5.85,0.8,17.515,0.44
1107,0.5,15.7348611111,0.3,5.9,0.85,15.765,0.39
1108,0.5,15.2478869048,0.3,5.19,0.9,15.315,0.41
1109,0.5,11.651343254,0.3,2.94,0.95,11.77,0.22
1110,0.5,9.24964285714,0.3,3.81,1.0,8.58,0.3
1111,0.55,15.7121607143,0.3,7.57,0.5,16.28,0.45
1112,0.55,18.2414900794,0.3,7.01,0.55,18.31,0.57
1113,0.55,17.9973075397,0.3,6.61,0.6,18.255,0.49
1114,0.55,15.3658095238,0.3,5.35,0.65,15.235,0.41
1115,0.55,16.5172301587,0.3,5.97,0.7,16.905,0.38
1116,0.55,17.2528392857,0.3,6.54,0.75,17.64,0.37
1117,0.55,15.8757996032,0.3,5.63,0.8,15.46,0.38
1118,0.55,15.6953154762,0.3,5.9,0.85,16.135,0.45
1119,0.55,14.9839186508,0.3,6.87,0.9,15.825,0.47
1120,0.55,12.3166011905,0.3,4.96,0.95,12.385,0.36
1121,0.55,11.5470972222,0.3,5.83,1.0,11.26,0.39
1122,0.6,18.2152281746,0.3,7.15,0.5,18.155,0.52
1123,0.6,18.4898472222,0.3,6.43,0.55,18.24,0.48
1124,0.6,18.0964404762,0.3,6.83,0.6,18.385,0.48
1125,0.6,17.3684424603,0.3,5.78,0.65,17.275,0.49
1126,0.6,16.6491031746,0.3,4.72,0.7,16.37,0.4
1127,0.6,16.8939761905,0.3,6.03,0.75,17.225,0.42
1128,0.6,15.6785376984,0.3,4.84,0.8,15.66,0.36
1129,0.6,16.662,0.3,7.19,0.85,16.28,0.44
1130,0.6,13.7741904762,0.3,3.11,0.9,14.1,0.25
1131,0.6,11.4750218254,0.3,4.2,0.95,11.635,0.29
1132,0.6,10.0357142857,0.3,4.42,1.0,9.87,0.39
1133,0.65,15.1931706349,0.3,5.99,0.5,15.46,0.4
1134,0.65,16.1290297619,0.3,6.03,0.55,16.26,0.44
1135,0.65,18.2828115079,0.3,7.66,0.6,18.49,0.5
1136,0.65,17.1473710317,0.3,3.64,0.65,17.59,0.36
1137,0.65,15.1616845238,0.3,4.59,0.7,14.98,0.34
1138,0.65,17.0236547619,0.3,7.69,0.75,17.295,0.51
1139,0.65,15.7985396825,0.3,5.87,0.8,16.15,0.37
1140,0.65,13.5019980159,0.3,2.79,0.85,13.94,0.22
1141,0.65,12.9130059524,0.3,5.51,0.9,13.085,0.39
1142,0.65,11.2418214286,0.3,6.42,0.95,11.82,0.43
1143,0.65,6.9044047619,0.3,5.25,1.0,7.125,0.36
1144,0.7,16.0232857143,0.3,7.91,0.5,16.045,0.51
1145,0.7,16.5121507937,0.3,5.1,0.55,16.535,0.42
1146,0.7,15.3345535714,0.3,5.41,0.6,15.85,0.37
1147,0.7,14.4802142857,0.3,6.03,0.65,14.745,0.38
1148,0.7,15.1456765873,0.3,4.2,0.7,15.825,0.36
1149,0.7,15.1786964286,0.3,6.14,0.75,15.315,0.42
1150,0.7,14.0031190476,0.3,4.24,0.8,14.03,0.29
1151,0.7,14.152890873,0.3,5.05,0.85,14.24,0.4
1152,0.7,12.2555595238,0.3,4.81,0.9,12.68,0.34
1153,0.7,12.7320138889,0.3,5.8,0.95,12.91,0.44
1154,0.7,7.60875396825,0.3,5.44,1.0,7.7,0.32
1155,0.0,14.2699861111,0.35,6.68,0.5,14.17,0.51
1156,0.0,5.14646825397,0.35,5.48,0.55,4.7,0.4
1157,0.0,-12.9734305556,0.35,2.01,0.6,-12.96,0.1
1158,0.0,12.9284702381,0.35,5.78,0.65,13.01,0.45
1159,0.0,2.58364087302,0.35,2.0,0.7,2.575,0.18
1160,0.0,-5.46172619048,0.35,0.79,0.75,-5.43,0.05
1161,0.0,5.66481746032,0.35,3.5,0.8,5.495,0.24
1162,0.0,0.584553571429,0.35,2.8,0.85,0.24,0.15
1163,0.0,-9.0942718254,0.35,1.62,0.9,-8.935,0.08
1164,0.0,2.57079761905,0.35,2.86,0.95,2.62,0.25
1165,0.0,-9.23993055556,0.35,1.87,1.0,-9.185,0.13
1166,0.05,18.1018234127,0.35,9.51,0.5,18.77,0.7
1167,0.05,19.3487242063,0.35,8.48,0.55,19.435,0.69
1168,0.05,18.6608313492,0.35,5.88,0.6,18.67,0.48
1169,0.05,14.9342380952,0.35,6.27,0.65,15.97,0.44
1170,0.05,17.2548571429,0.35,6.67,0.7,17.475,0.46
1171,0.05,16.8647440476,0.35,7.89,0.75,17.66,0.65
1172,0.05,16.4501428571,0.35,9.15,0.8,17.345,0.71
1173,0.05,14.9241349206,0.35,4.1,0.85,15.945,0.37
1174,0.05,13.141265873,0.35,4.98,0.9,13.25,0.33
1175,0.05,14.4796607143,0.35,6.55,0.95,14.96,0.5
1176,0.05,15.5360833333,0.35,4.74,1.0,16.42,0.27
1177,0.1,17.6427916667,0.35,6.94,0.5,18.145,0.59
1178,0.1,17.249609127,0.35,7.27,0.55,17.885,0.62
1179,0.1,16.2480575397,0.35,7.09,0.6,16.955,0.47
1180,0.1,18.2793551587,0.35,7.69,0.65,18.815,0.56
1181,0.1,19.3556369048,0.35,6.02,0.7,19.89,0.43
1182,0.1,17.5968015873,0.35,7.64,0.75,18.185,0.6
1183,0.1,17.1875833333,0.35,8.24,0.8,17.77,0.62
1184,0.1,16.3982321429,0.35,5.73,0.85,17.335,0.47
1185,0.1,16.0410456349,0.35,4.87,0.9,17.17,0.37
1186,0.1,16.3471111111,0.35,5.94,0.95,16.825,0.46
1187,0.1,15.8456130952,0.35,10.01,1.0,16.735,0.69
1188,0.15,17.8462480159,0.35,6.15,0.5,18.315,0.51
1189,0.15,19.0748154762,0.35,7.09,0.55,19.715,0.62
1190,0.15,17.1957123016,0.35,4.75,0.6,17.3,0.4
1191,0.15,17.3825575397,0.35,7.08,0.65,18.055,0.48
1192,0.15,18.4225912698,0.35,6.72,0.7,19.275,0.52
1193,0.15,19.8703412698,0.35,8.77,0.75,19.515,0.6
1194,0.15,16.8608948413,0.35,7.33,0.8,17.255,0.52
1195,0.15,17.8630456349,0.35,5.56,0.85,18.38,0.41
1196,0.15,16.3744742063,0.35,6.29,0.9,17.03,0.48
1197,0.15,16.25275,0.35,4.18,0.95,16.65,0.28
1198,0.15,16.0160615079,0.35,7.13,1.0,15.875,0.52
1199,0.2,19.1867857143,0.35,7.53,0.5,19.995,0.64
1200,0.2,16.3528392857,0.35,7.4,0.55,17.105,0.54
1201,0.2,18.1828551587,0.35,8.36,0.6,18.83,0.58
1202,0.2,17.6017242063,0.35,6.3,0.65,17.89,0.45
1203,0.2,18.5739206349,0.35,4.95,0.7,18.4,0.37
1204,0.2,16.4217083333,0.35,6.92,0.75,17.34,0.41
1205,0.2,17.1105119048,0.35,5.99,0.8,17.295,0.46
1206,0.2,17.1745119048,0.35,6.22,0.85,17.46,0.42
1207,0.2,14.4701130952,0.35,4.64,0.9,15.185,0.32
1208,0.2,14.3584027778,0.35,4.42,0.95,14.85,0.28
1209,0.2,13.2670337302,0.35,4.46,1.0,13.38,0.31
1210,0.25,17.3435059524,0.35,8.6,0.5,17.72,0.55
1211,0.25,17.3339920635,0.35,6.54,0.55,17.57,0.46
1212,0.25,18.9275853175,0.35,7.05,0.6,19.245,0.53
1213,0.25,14.9850813492,0.35,8.89,0.65,15.84,0.55
1214,0.25,18.9599126984,0.35,7.24,0.7,19.165,0.53
1215,0.25,17.3986428571,0.35,5.77,0.75,17.69,0.45
1216,0.25,17.5126329365,0.35,4.83,0.8,18.015,0.36
1217,0.25,15.4958075397,0.35,6.15,0.85,15.68,0.45
1218,0.25,18.7537103175,0.35,9.04,0.9,18.92,0.64
1219,0.25,14.1817480159,0.35,4.86,0.95,14.4,0.33
1220,0.25,11.8461944444,0.35,4.6,1.0,12.345,0.33
1221,0.3,18.2017519841,0.35,8.03,0.5,18.47,0.64
1222,0.3,18.735375,0.35,8.13,0.55,18.915,0.61
1223,0.3,17.8874742063,0.35,6.43,0.6,17.53,0.49
1224,0.3,17.1373611111,0.35,5.29,0.65,17.2,0.39
1225,0.3,17.2624960317,0.35,5.93,0.7,17.36,0.41
1226,0.3,17.0425793651,0.35,8.11,0.75,17.065,0.53
1227,0.3,16.1391805556,0.35,5.56,0.8,16.81,0.4
1228,0.3,16.6674305556,0.35,7.0,0.85,16.965,0.47
1229,0.3,15.8205456349,0.35,5.83,0.9,15.895,0.44
1230,0.3,13.9472222222,0.35,5.15,0.95,14.18,0.37
1231,0.3,8.13724603175,0.35,3.27,1.0,8.2,0.2
1232,0.35,16.6987797619,0.35,6.13,0.5,17.005,0.54
1233,0.35,17.1218214286,0.35,5.76,0.55,17.59,0.49
1234,0.35,16.9470456349,0.35,4.96,0.6,16.945,0.39
1235,0.35,18.3030833333,0.35,7.56,0.65,18.57,0.57
1236,0.35,16.8061765873,0.35,7.33,0.7,17.21,0.49
1237,0.35,18.2848134921,0.35,6.13,0.75,18.12,0.5
1238,0.35,16.3977321429,0.35,6.11,0.8,16.46,0.4
1239,0.35,17.7543789683,0.35,5.38,0.85,17.69,0.43
1240,0.35,15.4265079365,0.35,4.5,0.9,15.79,0.39
1241,0.35,14.4058373016,0.35,5.88,0.95,14.34,0.42
1242,0.35,12.3538511905,0.35,6.36,1.0,11.3,0.46
1243,0.4,16.7901765873,0.35,7.78,0.5,16.465,0.52
1244,0.4,15.986875,0.35,6.52,0.55,16.52,0.48
1245,0.4,15.4412242063,0.35,5.44,0.6,15.31,0.37
1246,0.4,16.1857301587,0.35,4.58,0.65,16.23,0.36
1247,0.4,16.3172301587,0.35,5.46,0.7,16.52,0.39
1248,0.4,14.7080456349,0.35,5.03,0.75,14.755,0.3
1249,0.4,14.8624642857,0.35,5.87,0.8,15.23,0.39
1250,0.4,14.0140654762,0.35,3.12,0.85,14.8,0.28
1251,0.4,16.3306646825,0.35,6.89,0.9,16.57,0.49
1252,0.4,14.3700873016,0.35,4.95,0.95,14.555,0.44
1253,0.4,10.8468373016,0.35,4.64,1.0,10.895,0.34
1254,0.45,17.7274206349,0.35,5.38,0.5,18.19,0.47
1255,0.45,16.8120218254,0.35,7.38,0.55,17.21,0.5
1256,0.45,17.252468254,0.35,6.88,0.6,17.49,0.51
1257,0.45,16.6455456349,0.35,5.51,0.65,16.565,0.37
1258,0.45,17.0575873016,0.35,6.57,0.7,16.82,0.49
1259,0.45,14.8202380952,0.35,4.24,0.75,14.85,0.34
1260,0.45,16.4415873016,0.35,5.09,0.8,16.275,0.37
1261,0.45,15.4963690476,0.35,3.77,0.85,15.47,0.29
1262,0.45,14.4442440476,0.35,6.38,0.9,14.56,0.44
1263,0.45,11.1839444444,0.35,5.08,0.95,11.29,0.27
1264,0.45,11.4337083333,0.35,4.75,1.0,11.09,0.4
1265,0.5,16.770390873,0.35,7.05,0.5,17.155,0.54
1266,0.5,16.3151329365,0.35,6.49,0.55,16.41,0.55
1267,0.5,15.2983373016,0.35,5.51,0.6,15.375,0.45
1268,0.5,16.3329702381,0.35,5.94,0.65,16.725,0.41
1269,0.5,15.6746984127,0.35,4.97,0.7,16.205,0.33
1270,0.5,16.1264345238,0.35,5.96,0.75,16.31,0.43
1271,0.5,15.0073055556,0.35,6.22,0.8,15.205,0.42
1272,0.5,14.945484127,0.35,6.57,0.85,14.885,0.4
1273,0.5,12.926718254,0.35,4.84,0.9,13.12,0.32
1274,0.5,11.3096785714,0.35,4.92,0.95,11.58,0.32
1275,0.5,9.83882738095,0.35,3.84,1.0,9.485,0.26
1276,0.55,17.538656746,0.35,6.52,0.5,17.435,0.47
1277,0.55,16.1829880952,0.35,6.69,0.55,16.37,0.47
1278,0.55,16.5422797619,0.35,7.08,0.6,16.795,0.48
1279,0.55,15.1903333333,0.35,4.43,0.65,15.325,0.36
1280,0.55,16.3688055556,0.35,6.65,0.7,16.455,0.45
1281,0.55,15.8641428571,0.35,4.93,0.75,16.185,0.36
1282,0.55,14.0490515873,0.35,3.2,0.8,14.33,0.24
1283,0.55,15.5407380952,0.35,4.93,0.85,15.87,0.33
1284,0.55,12.4836289683,0.35,6.27,0.9,12.525,0.35
1285,0.55,11.1779960317,0.35,4.39,0.95,11.565,0.3
1286,0.55,9.21943253968,0.35,3.34,1.0,8.6,0.28
1287,0.6,14.7016031746,0.35,5.93,0.5,15.06,0.42
1288,0.6,16.3186924603,0.35,4.06,0.55,16.72,0.33
1289,0.6,15.7751051587,0.35,6.16,0.6,15.81,0.45
1290,0.6,13.8169642857,0.35,5.23,0.65,13.93,0.42
1291,0.6,14.9534603175,0.35,4.93,0.7,15.54,0.32
1292,0.6,15.1019940476,0.35,3.78,0.75,15.24,0.28
1293,0.6,14.5690456349,0.35,6.07,0.8,14.6,0.38
1294,0.6,13.6875059524,0.35,5.69,0.85,14.02,0.4
1295,0.6,12.152547619,0.35,4.6,0.9,12.1,0.3
1296,0.6,11.0415575397,0.35,4.96,0.95,11.48,0.37
1297,0.6,8.81768849206,0.35,4.24,1.0,8.635,0.35
1298,0.65,16.9028174603,0.35,7.32,0.5,17.345,0.55
1299,0.65,15.3875634921,0.35,5.8,0.55,15.73,0.45
1300,0.65,15.0054186508,0.35,6.71,0.6,15.09,0.41
1301,0.65,15.3178234127,0.35,4.64,0.65,15.565,0.32
1302,0.65,15.2691448413,0.35,4.89,0.7,15.685,0.4
1303,0.65,14.8699087302,0.35,4.4,0.75,15.325,0.36
1304,0.65,14.852359127,0.35,7.42,0.8,14.955,0.43
1305,0.65,15.2026686508,0.35,4.47,0.85,15.305,0.34
1306,0.65,14.8228968254,0.35,5.6,0.9,14.69,0.38
1307,0.65,12.0513452381,0.35,5.68,0.95,12.04,0.38
1308,0.65,9.46491071429,0.35,5.41,1.0,8.93,0.4
1309,0.7,14.6800674603,0.35,5.9,0.5,14.575,0.46
1310,0.7,17.1356190476,0.35,6.39,0.55,16.365,0.45
1311,0.7,14.0318353175,0.35,6.62,0.6,14.09,0.41
1312,0.7,14.5102261905,0.35,5.46,0.65,14.41,0.37
1313,0.7,13.3372123016,0.35,5.89,0.7,13.59,0.36
1314,0.7,13.4513134921,0.35,3.54,0.75,13.73,0.32
1315,0.7,14.4452142857,0.35,5.57,0.8,14.54,0.37
1316,0.7,13.0447400794,0.35,4.57,0.85,13.12,0.29
1317,0.7,12.8972460317,0.35,4.9,0.9,12.995,0.39
1318,0.7,11.1563888889,0.35,5.3,0.95,11.355,0.4
1319,0.7,7.57981944444,0.35,4.51,1.0,7.59,0.28
1320,0.0,2.91617857143,0.4,3.27,0.5,2.785,0.25
1321,0.0,-3.85574206349,0.4,2.71,0.55,-3.715,0.21
1322,0.0,-0.0572857142857,0.4,2.23,0.6,-0.185,0.17
1323,0.0,3.31157539683,0.4,2.93,0.65,2.995,0.25
1324,0.0,7.53744642857,0.4,3.3,0.7,7.01,0.26
1325,0.0,-2.97745039683,0.4,2.89,0.75,-3.14,0.18
1326,0.0,3.06495833333,0.4,3.82,0.8,3.15,0.22
1327,0.0,7.11396031746,0.4,4.79,0.85,6.98,0.36
1328,0.0,3.3366468254,0.4,3.73,0.9,3.325,0.31
1329,0.0,2.7458015873,0.4,3.81,0.95,2.97,0.26
1330,0.0,-11.3488531746,0.4,1.66,1.0,-11.535,0.1
1331,0.05,14.5642361111,0.4,7.44,0.5,15.51,0.6
1332,0.05,16.2557202381,0.4,7.55,0.55,16.76,0.55
1333,0.05,15.1022757937,0.4,4.62,0.6,16.12,0.44
1334,0.05,16.003609127,0.4,6.5,0.65,16.475,0.5
1335,0.05,16.0607321429,0.4,8.08,0.7,16.765,0.64
1336,0.05,17.365531746,0.4,8.01,0.75,17.71,0.58
1337,0.05,15.6523472222,0.4,7.46,0.8,16.705,0.59
1338,0.05,15.1835496032,0.4,6.76,0.85,15.295,0.45
1339,0.05,17.0255138889,0.4,6.38,0.9,17.345,0.44
1340,0.05,15.9170714286,0.4,7.57,0.95,16.61,0.61
1341,0.05,11.6587837302,0.4,5.47,1.0,11.93,0.39
1342,0.1,17.4840019841,0.4,8.19,0.5,17.805,0.52
1343,0.1,16.4140297619,0.4,6.98,0.55,16.995,0.56
1344,0.1,17.4162400794,0.4,7.63,0.6,17.82,0.56
1345,0.1,17.9285654762,0.4,5.78,0.65,18.05,0.44
1346,0.1,15.7610436508,0.4,5.07,0.7,16.15,0.42
1347,0.1,16.806984127,0.4,6.08,0.75,17.0,0.42
1348,0.1,16.8358531746,0.4,7.82,0.8,17.355,0.6
1349,0.1,16.0646309524,0.4,5.84,0.85,17.05,0.52
1350,0.1,15.2148174603,0.4,4.47,0.9,15.68,0.37
1351,0.1,15.3756845238,0.4,4.44,0.95,15.47,0.33
1352,0.1,9.18670238095,0.4,3.09,1.0,9.465,0.23
1353,0.15,17.6060873016,0.4,6.17,0.5,17.535,0.54
1354,0.15,14.8824444444,0.4,6.82,0.55,15.27,0.51
1355,0.15,14.9800376984,0.4,5.32,0.6,15.455,0.4
1356,0.15,16.421906746,0.4,5.79,0.65,16.76,0.46
1357,0.15,17.5702460317,0.4,6.1,0.7,17.61,0.47
1358,0.15,14.9420535714,0.4,6.07,0.75,15.765,0.44
1359,0.15,15.6898730159,0.4,4.63,0.8,16.19,0.39
1360,0.15,16.6179861111,0.4,5.88,0.85,17.125,0.41
1361,0.15,15.291640873,0.4,7.7,0.9,15.75,0.53
1362,0.15,16.9431210317,0.4,7.8,0.95,17.165,0.53
1363,0.15,15.0836369048,0.4,6.49,1.0,15.84,0.44
1364,0.2,17.0401051587,0.4,8.24,0.5,17.495,0.65
1365,0.2,15.8423234127,0.4,6.99,0.55,16.625,0.52
1366,0.2,17.1555892857,0.4,7.49,0.6,16.97,0.49
1367,0.2,14.3576130952,0.4,4.55,0.65,14.505,0.33
1368,0.2,15.1804742063,0.4,5.81,0.7,16.015,0.4
1369,0.2,18.6044325397,0.4,5.87,0.75,19.185,0.45
1370,0.2,17.0566150794,0.4,7.35,0.8,17.28,0.45
1371,0.2,14.6585813492,0.4,5.21,0.85,15.295,0.36
1372,0.2,15.8551170635,0.4,6.57,0.9,15.27,0.47
1373,0.2,14.9137698413,0.4,4.93,0.95,14.775,0.34
1374,0.2,9.57166269841,0.4,4.12,1.0,9.845,0.25
1375,0.25,19.3771666667,0.4,8.36,0.5,19.305,0.67
1376,0.25,15.5884980159,0.4,8.91,0.55,15.865,0.6
1377,0.25,15.0764603175,0.4,6.04,0.6,15.67,0.46
1378,0.25,15.290875,0.4,8.96,0.65,16.165,0.51
1379,0.25,16.5281746032,0.4,4.53,0.7,16.785,0.43
1380,0.25,16.2212738095,0.4,7.53,0.75,16.09,0.5
1381,0.25,14.7045099206,0.4,5.8,0.8,15.355,0.42
1382,0.25,16.1737797619,0.4,6.71,0.85,16.615,0.49
1383,0.25,15.7729166667,0.4,5.17,0.9,15.605,0.41
1384,0.25,12.0605575397,0.4,4.39,0.95,12.585,0.28
1385,0.25,15.2906150794,0.4,6.85,1.0,15.94,0.55
1386,0.3,16.0523611111,0.4,6.17,0.5,16.495,0.48
1387,0.3,15.4284543651,0.4,6.63,0.55,15.74,0.46
1388,0.3,16.1060496032,0.4,5.82,0.6,16.55,0.48
1389,0.3,16.5249087302,0.4,6.28,0.65,16.795,0.48
1390,0.3,15.3984027778,0.4,5.51,0.7,16.0,0.4
1391,0.3,15.6728194444,0.4,5.3,0.75,15.65,0.44
1392,0.3,14.935093254,0.4,4.39,0.8,15.665,0.36
1393,0.3,15.233609127,0.4,6.13,0.85,15.45,0.45
1394,0.3,13.3628730159,0.4,4.67,0.9,13.915,0.37
1395,0.3,12.888452381,0.4,7.48,0.95,13.355,0.5
1396,0.3,10.2348511905,0.4,5.12,1.0,10.23,0.36
1397,0.35,15.2471904762,0.4,5.07,0.5,15.06,0.39
1398,0.35,16.4332440476,0.4,6.84,0.55,16.635,0.55
1399,0.35,15.5658948413,0.4,6.66,0.6,15.88,0.45
1400,0.35,14.6137380952,0.4,6.14,0.65,14.9,0.4
1401,0.35,16.6385952381,0.4,6.49,0.7,16.83,0.45
1402,0.35,14.2673928571,0.4,3.69,0.75,14.2,0.27
1403,0.35,16.5023095238,0.4,5.91,0.8,16.52,0.43
1404,0.35,16.2338353175,0.4,7.34,0.85,16.18,0.48
1405,0.35,15.9141984127,0.4,6.57,0.9,15.815,0.46
1406,0.35,11.1088253968,0.4,3.89,0.95,11.31,0.35
1407,0.35,9.12388293651,0.4,2.42,1.0,8.7,0.23
1408,0.4,15.9253174603,0.4,8.96,0.5,16.09,0.55
1409,0.4,17.1801825397,0.4,5.65,0.55,17.08,0.46
1410,0.4,16.2265,0.4,6.06,0.6,16.665,0.44
1411,0.4,14.5904007937,0.4,4.7,0.65,14.455,0.35
1412,0.4,15.2899126984,0.4,3.61,0.7,15.485,0.32
1413,0.4,15.9870337302,0.4,7.65,0.75,16.21,0.48
1414,0.4,16.5962261905,0.4,4.67,0.8,17.18,0.45
1415,0.4,16.4817003968,0.4,3.82,0.85,15.985,0.32
1416,0.4,13.439077381,0.4,6.54,0.9,14.285,0.48
1417,0.4,11.4539781746,0.4,5.17,0.95,11.815,0.34
1418,0.4,9.94194246032,0.4,4.85,1.0,10.415,0.35
1419,0.45,15.1187242063,0.4,6.96,0.5,15.15,0.45
1420,0.45,15.3997420635,0.4,5.43,0.55,16.15,0.4
1421,0.45,17.3399444444,0.4,5.93,0.6,17.88,0.56
1422,0.45,15.5899642857,0.4,4.58,0.65,15.795,0.34
1423,0.45,16.9467361111,0.4,6.98,0.7,16.825,0.5
1424,0.45,13.5944325397,0.4,5.06,0.75,13.85,0.37
1425,0.45,16.3551448413,0.4,4.19,0.8,16.235,0.37
1426,0.45,15.7873611111,0.4,5.51,0.85,15.43,0.43
1427,0.45,12.6208829365,0.4,4.57,0.9,12.98,0.33
1428,0.45,12.120109127,0.4,5.36,0.95,12.62,0.42
1429,0.45,9.36500396825,0.4,3.81,1.0,9.035,0.32
1430,0.5,16.1360674603,0.4,4.86,0.5,15.97,0.35
1431,0.5,14.3121150794,0.4,6.43,0.55,14.785,0.49
1432,0.5,13.693906746,0.4,5.76,0.6,14.0,0.38
1433,0.5,14.3169007937,0.4,5.49,0.65,14.75,0.49
1434,0.5,13.931952381,0.4,4.8,0.7,14.405,0.37
1435,0.5,14.2390198413,0.4,4.21,0.75,14.605,0.33
1436,0.5,13.0185436508,0.4,4.14,0.8,13.22,0.38
1437,0.5,14.0145456349,0.4,4.25,0.85,14.075,0.31
1438,0.5,13.9072519841,0.4,7.19,0.9,14.315,0.43
1439,0.5,11.769015873,0.4,4.32,0.95,11.71,0.3
1440,0.5,9.53806944444,0.4,4.72,1.0,9.22,0.32
1441,0.55,15.3883670635,0.4,7.17,0.5,15.53,0.47
1442,0.55,15.5961230159,0.4,4.76,0.55,15.365,0.43
1443,0.55,15.5965059524,0.4,5.23,0.6,15.5,0.4
1444,0.55,13.8011587302,0.4,4.66,0.65,13.575,0.3
1445,0.55,12.0559404762,0.4,4.55,0.7,12.14,0.31
1446,0.55,13.5679742063,0.4,5.88,0.75,14.145,0.39
1447,0.55,12.8223809524,0.4,4.59,0.8,13.05,0.34
1448,0.55,13.4665019841,0.4,5.64,0.85,13.61,0.35
1449,0.55,13.2815297619,0.4,3.38,0.9,13.13,0.32
1450,0.55,13.2155595238,0.4,6.73,0.95,13.545,0.44
1451,0.55,7.37945238095,0.4,4.82,1.0,7.75,0.33
1452,0.6,15.2054821429,0.4,7.11,0.5,15.515,0.53
1453,0.6,16.4898015873,0.4,6.32,0.55,16.5,0.41
1454,0.6,13.5796507937,0.4,6.01,0.6,14.23,0.39
1455,0.6,15.3937440476,0.4,6.92,0.65,15.115,0.44
1456,0.6,15.6523809524,0.4,5.72,0.7,15.96,0.43
1457,0.6,13.3343531746,0.4,3.8,0.75,13.53,0.27
1458,0.6,12.2813869048,0.4,5.21,0.8,12.94,0.36
1459,0.6,12.6873035714,0.4,3.72,0.85,12.49,0.3
1460,0.6,10.8237936508,0.4,4.43,0.9,10.615,0.26
1461,0.6,11.1509801587,0.4,4.44,0.95,11.25,0.32
1462,0.6,10.7319365079,0.4,4.89,1.0,10.545,0.38
1463,0.65,14.1100833333,0.4,4.64,0.5,14.695,0.36
1464,0.65,15.14575,0.4,5.91,0.55,15.58,0.43
1465,0.65,13.5825575397,0.4,5.7,0.6,13.675,0.45
1466,0.65,15.0623412698,0.4,6.3,0.65,15.155,0.43
1467,0.65,14.5551587302,0.4,5.35,0.7,14.85,0.42
1468,0.65,13.6175039683,0.4,6.42,0.75,13.405,0.38
1469,0.65,13.187827381,0.4,4.2,0.8,13.41,0.32
1470,0.65,13.7132956349,0.4,5.93,0.85,13.81,0.41
1471,0.65,13.3105496032,0.4,5.42,0.9,13.065,0.47
1472,0.65,8.7252797619,0.4,3.45,0.95,9.015,0.24
1473,0.65,8.0289702381,0.4,3.22,1.0,7.455,0.24
1474,0.7,14.1679305556,0.4,4.73,0.5,14.205,0.39
1475,0.7,13.0435218254,0.4,4.54,0.55,12.79,0.35
1476,0.7,14.4497738095,0.4,6.22,0.6,14.88,0.44
1477,0.7,13.4515059524,0.4,6.28,0.65,13.735,0.4
1478,0.7,14.6626289683,0.4,5.3,0.7,14.96,0.34
1479,0.7,13.1870615079,0.4,6.06,0.75,13.83,0.37
1480,0.7,12.9545595238,0.4,3.51,0.8,12.83,0.3
1481,0.7,13.4946646825,0.4,6.44,0.85,13.49,0.36
1482,0.7,11.8517579365,0.4,4.05,0.9,11.605,0.32
1483,0.7,12.2975535714,0.4,5.89,0.95,12.61,0.46
1484,0.7,7.96307738095,0.4,4.03,1.0,7.73,0.32
